rev_id,worker_id,aggression,aggression_score,MV Truth,DS Truth
37675,1362,1.0,-1.0,0,0
37675,2408,0.0,1.0,0,1
37675,1493,0.0,0.0,0,1
37675,1439,0.0,0.0,0,1
37675,170,0.0,0.0,0,1
37675,176,0.0,0.0,0,1
37675,481,0.0,0.0,0,1
37675,487,0.0,0.0,0,1
37675,578,0.0,0.0,0,1
37675,1127,0.0,0.0,0,1
44816,1158,0.0,0.0,0,1
44816,1968,0.0,0.0,0,1
44816,2333,0.0,0.0,0,1
44816,2336,0.0,0.0,0,1
44816,2573,0.0,0.0,0,1
44816,2273,0.0,0.0,0,1
44816,3237,0.0,1.0,0,1
44816,3453,0.0,0.0,0,1
44816,903,0.0,0.0,0,1
49851,447,0.0,0.0,0,1
49851,2413,0.0,0.0,0,1
49851,2817,0.0,0.0,0,1
49851,2989,0.0,1.0,0,1
49851,3926,0.0,0.0,0,1
49851,3608,0.0,0.0,0,1
49851,3305,0.0,0.0,0,1
49851,3297,0.0,0.0,0,1
49851,3260,0.0,0.0,0,1
49851,412,0.0,0.0,0,1
89320,3307,0.0,0.0,0,1
89320,4000,0.0,2.0,0,1
89320,3262,0.0,0.0,0,1
89320,3376,0.0,0.0,0,1
89320,3341,1.0,-2.0,0,0
89320,3340,0.0,0.0,0,1
89320,3338,1.0,-2.0,0,0
89320,2101,1.0,-1.0,0,0
89320,673,1.0,-1.0,0,0
93890,1369,0.0,0.0,0,1
93890,1152,0.0,0.0,0,1
93890,776,0.0,0.0,0,1
93890,405,0.0,3.0,0,1
93890,312,0.0,0.0,0,1
93890,192,0.0,0.0,0,1
93890,159,0.0,0.0,0,1
93890,2228,0.0,0.0,0,1
93890,1417,0.0,0.0,0,1
102817,65,0.0,0.0,0,1
102817,1314,0.0,0.0,0,1
102817,1110,0.0,0.0,0,1
102817,600,0.0,0.0,0,1
102817,588,0.0,0.0,0,1
102817,263,0.0,0.0,0,1
102817,203,0.0,0.0,0,1
102817,102,0.0,1.0,0,1
102817,1672,0.0,3.0,0,1
102817,68,0.0,0.0,0,1
103624,1960,0.0,0.0,0,1
103624,1939,0.0,0.0,0,1
103624,2407,0.0,0.0,0,1
103624,1440,0.0,0.0,0,1
103624,1823,0.0,0.0,0,1
103624,1175,0.0,0.0,0,1
103624,950,0.0,0.0,0,1
103624,805,0.0,0.0,0,1
103624,732,0.0,0.0,0,1
103624,597,0.0,1.0,0,1
111032,1307,0.0,0.0,0,1
111032,1233,0.0,1.0,0,1
111032,1010,0.0,0.0,0,1
111032,974,0.0,0.0,0,1
111032,968,0.0,0.0,0,1
111032,428,0.0,0.0,0,1
111032,378,0.0,0.0,0,1
111032,151,0.0,0.0,0,1
111032,2387,1.0,-2.0,0,0
111032,2391,1.0,-1.0,0,0
120283,1399,0.0,1.0,0,1
120283,126,0.0,0.0,0,1
120283,558,0.0,2.0,0,1
120283,612,0.0,2.0,0,1
120283,957,0.0,0.0,0,1
120283,2036,0.0,0.0,0,1
120283,1959,0.0,0.0,0,1
120283,2320,0.0,0.0,0,1
120283,1302,0.0,0.0,0,1
128532,2978,0.0,1.0,0,1
128532,2981,1.0,-1.0,0,0
128532,3927,0.0,2.0,0,1
128532,3762,0.0,2.0,0,1
128532,3334,0.0,2.0,0,1
128532,3333,0.0,2.0,0,1
128532,4046,0.0,0.0,0,1
128532,2979,0.0,1.0,0,1
128532,2095,0.0,0.0,0,1
128532,2671,0.0,0.0,0,1
133562,3709,0.0,0.0,0,1
133562,3710,0.0,0.0,0,1
133562,706,0.0,0.0,0,1
133562,2398,0.0,0.0,0,1
133562,331,0.0,0.0,0,1
133562,3213,0.0,0.0,0,1
133562,3373,0.0,0.0,0,1
133562,3381,0.0,0.0,0,1
133562,3387,0.0,0.0,0,1
133562,2579,0.0,0.0,0,1
138117,127,0.0,0.0,0,1
138117,13,0.0,0.0,0,1
138117,15,0.0,0.0,0,1
138117,29,0.0,0.0,0,1
138117,44,0.0,0.0,0,1
138117,50,0.0,0.0,0,1
138117,134,0.0,0.0,0,1
138117,484,0.0,0.0,0,1
138117,204,0.0,0.0,0,1
138117,285,0.0,0.0,0,1
138117,404,0.0,0.0,0,1
138117,498,0.0,0.0,0,1
138117,567,0.0,0.0,0,1
138117,610,0.0,0.0,0,1
138117,1227,0.0,0.0,0,1
138117,1585,0.0,0.0,0,1
138117,165,0.0,0.0,0,1
138117,878,0.0,0.0,0,1
138117,1602,0.0,0.0,0,1
155243,699,0.0,0.0,0,1
155243,144,0.0,0.0,0,1
155243,214,1.0,-1.0,0,0
155243,240,0.0,0.0,0,1
155243,297,0.0,0.0,0,1
155243,449,1.0,-1.0,0,0
155243,202,0.0,0.0,0,1
155243,1236,0.0,0.0,0,1
155243,719,0.0,0.0,0,1
177310,255,0.0,0.0,0,1
177310,1289,0.0,1.0,0,1
177310,688,0.0,0.0,0,1
177310,612,0.0,0.0,0,1
177310,487,0.0,0.0,0,1
177310,446,0.0,0.0,0,1
177310,390,0.0,1.0,0,1
177310,367,0.0,0.0,0,1
177310,264,0.0,0.0,0,1
177310,204,0.0,0.0,0,1
192579,3113,0.0,1.0,0,1
192579,2860,0.0,0.0,0,1
192579,2070,0.0,0.0,0,1
192579,167,0.0,0.0,0,1
192579,745,0.0,0.0,0,1
192579,2073,0.0,3.0,0,1
192579,2074,0.0,0.0,0,1
192579,2071,0.0,0.0,0,1
201190,639,0.0,1.0,0,1
201190,853,0.0,0.0,0,1
201190,616,0.0,0.0,0,1
201190,904,0.0,0.0,0,1
201190,1770,0.0,0.0,0,1
201190,1016,0.0,1.0,0,1
201190,1043,0.0,0.0,0,1
201190,1075,0.0,0.0,0,1
201190,1391,0.0,0.0,0,1
201190,1400,0.0,0.0,0,1
201190,2800,0.0,0.0,0,1
201190,371,0.0,0.0,0,1
201190,1995,0.0,0.0,0,1
201190,1929,0.0,0.0,0,1
201190,915,0.0,0.0,0,1
201190,238,0.0,0.0,0,1
201190,1211,0.0,0.0,0,1
208009,309,0.0,0.0,0,1
208009,1314,0.0,0.0,0,1
208009,1110,0.0,0.0,0,1
208009,960,0.0,0.0,0,1
208009,419,0.0,0.0,0,1
208009,380,0.0,0.0,0,1
208009,358,0.0,0.0,0,1
208009,343,0.0,0.0,0,1
208009,269,0.0,0.0,0,1
208009,65,0.0,0.0,0,1
249432,3593,1.0,-1.0,0,0
249432,2145,1.0,-1.0,0,0
249432,1893,0.0,1.0,0,1
249432,1765,0.0,0.0,0,1
249432,1811,0.0,0.0,0,1
249432,1479,0.0,0.0,0,1
249432,1090,1.0,-1.0,0,0
249432,91,0.0,0.0,0,1
249432,1493,0.0,0.0,0,1
252031,2440,0.0,0.0,0,1
252031,2853,0.0,0.0,0,1
252031,3112,0.0,0.0,0,1
252031,2584,0.0,0.0,0,1
252031,1750,0.0,1.0,0,1
252031,3109,0.0,1.0,0,1
252031,1152,0.0,0.0,0,1
252031,461,0.0,0.0,0,1
252031,353,0.0,0.0,0,1
252031,1162,0.0,0.0,0,1
268558,3106,0.0,0.0,0,1
268558,3214,0.0,0.0,0,1
268558,3148,0.0,0.0,0,1
268558,3107,0.0,1.0,0,1
268558,2458,0.0,0.0,0,1
268558,1898,0.0,0.0,0,1
268558,844,0.0,0.0,0,1
268558,1889,0.0,0.0,0,1
268558,1313,0.0,0.0,0,1
268558,2455,0.0,0.0,0,1
276906,908,0.0,0.0,0,1
276906,1305,0.0,1.0,0,1
276906,2290,0.0,0.0,0,1
276906,1720,0.0,0.0,0,1
276906,519,0.0,0.0,0,1
276906,1616,0.0,0.0,0,1
276906,2599,0.0,1.0,0,1
276906,1411,0.0,0.0,0,1
276906,1343,0.0,0.0,0,1
276906,2604,0.0,0.0,0,1
286174,208,0.0,0.0,0,1
286174,472,0.0,0.0,0,1
286174,513,0.0,0.0,0,1
286174,1577,0.0,0.0,0,1
286174,1780,0.0,0.0,0,1
286174,2190,0.0,0.0,0,1
286174,2438,0.0,0.0,0,1
286174,2605,0.0,0.0,0,1
286174,431,0.0,0.0,0,1
290598,1040,0.0,0.0,0,1
290598,979,1.0,-1.0,0,0
290598,1005,0.0,0.0,0,1
290598,1082,1.0,-1.0,0,0
290598,960,0.0,0.0,0,1
290598,2206,1.0,-1.0,0,0
290598,2437,0.0,1.0,0,1
290598,2627,0.0,0.0,0,1
290598,62,0.0,0.0,0,1
290598,1611,0.0,0.0,0,1
290598,949,0.0,0.0,0,1
290598,59,0.0,0.0,0,1
290598,138,0.0,0.0,0,1
290598,268,0.0,0.0,0,1
290598,401,0.0,0.0,0,1
290598,17,0.0,0.0,0,1
290598,125,0.0,0.0,0,1
290598,151,0.0,1.0,0,1
294124,180,0.0,0.0,0,1
294124,2184,0.0,0.0,0,1
294124,2266,0.0,0.0,0,1
294124,2360,0.0,0.0,0,1
294124,2558,0.0,0.0,0,1
294124,2654,0.0,0.0,0,1
294124,2672,0.0,0.0,0,1
294124,3036,0.0,0.0,0,1
294124,1992,0.0,1.0,0,1
294124,2027,0.0,0.0,0,1
297866,2592,0.0,0.0,0,1
297866,650,0.0,0.0,0,1
297866,1502,0.0,0.0,0,1
297866,2825,0.0,0.0,0,1
297866,359,0.0,0.0,0,1
297866,253,0.0,0.0,0,1
297866,2500,0.0,1.0,0,1
297866,3097,0.0,0.0,0,1
297866,1503,0.0,0.0,0,1
317177,1103,0.0,0.0,0,1
317177,1225,0.0,0.0,0,1
317177,2037,0.0,0.0,0,1
317177,2038,0.0,0.0,0,1
317177,3685,0.0,1.0,0,1
317177,3205,0.0,0.0,0,1
317177,412,0.0,0.0,0,1
317177,2039,0.0,0.0,0,1
317177,2041,0.0,0.0,0,1
336654,735,0.0,0.0,0,1
336654,300,0.0,0.0,0,1
336654,3811,0.0,0.0,0,1
336654,3810,0.0,0.0,0,1
336654,3807,1.0,-1.0,0,0
336654,3320,0.0,0.0,0,1
336654,2513,0.0,0.0,0,1
336654,2242,0.0,0.0,0,1
336654,1863,0.0,0.0,0,1
336654,1693,0.0,0.0,0,1
336654,1645,0.0,0.0,0,1
336654,1517,0.0,0.0,0,1
336654,3049,0.0,0.0,0,1
336654,208,0.0,0.0,0,1
336654,161,0.0,0.0,0,1
336654,788,0.0,0.0,0,1
336654,809,0.0,0.0,0,1
336654,1183,0.0,0.0,0,1
336654,745,0.0,0.0,0,1
344567,3088,0.0,0.0,0,1
344567,2686,0.0,0.0,0,1
344567,958,0.0,0.0,0,1
344567,1153,0.0,0.0,0,1
344567,1220,0.0,0.0,0,1
344567,1281,0.0,0.0,0,1
344567,1646,0.0,0.0,0,1
344567,1669,0.0,0.0,0,1
344567,2299,0.0,0.0,0,1
344567,3450,1.0,-1.0,0,0
344567,314,0.0,0.0,0,1
344567,84,0.0,0.0,0,1
344567,54,0.0,0.0,0,1
344567,571,0.0,0.0,0,1
344567,1141,0.0,0.0,0,1
344567,312,0.0,0.0,0,1
356383,2236,0.0,0.0,0,1
356383,1705,0.0,0.0,0,1
356383,1627,0.0,0.0,0,1
356383,1310,0.0,0.0,0,1
356383,1093,0.0,0.0,0,1
356383,1244,0.0,0.0,0,1
356383,45,0.0,0.0,0,1
356383,1037,0.0,0.0,0,1
356383,59,0.0,0.0,0,1
356383,3320,0.0,0.0,0,1
356383,3467,0.0,0.0,0,1
356383,47,0.0,0.0,0,1
356383,382,0.0,0.0,0,1
356383,100,0.0,0.0,0,1
356383,25,0.0,0.0,0,1
356383,2730,0.0,0.0,0,1
356383,3017,0.0,0.0,0,1
356383,3377,0.0,0.0,0,1
358984,2364,0.0,0.0,0,1
358984,2582,0.0,0.0,0,1
358984,2583,0.0,0.0,0,1
358984,2636,0.0,0.0,0,1
358984,1305,0.0,0.0,0,1
358984,744,0.0,0.0,0,1
358984,675,0.0,0.0,0,1
358984,1501,0.0,0.0,0,1
358984,2328,0.0,1.0,0,1
360594,843,0.0,0.0,0,1
360594,69,0.0,0.0,0,1
360594,101,0.0,0.0,0,1
360594,2149,0.0,0.0,0,1
360594,1946,0.0,0.0,0,1
360594,159,0.0,0.0,0,1
360594,467,0.0,0.0,0,1
360594,517,0.0,0.0,0,1
360594,806,0.0,0.0,0,1
360594,2699,0.0,0.0,0,1
375422,1349,0.0,0.0,0,1
375422,1609,0.0,0.0,0,1
375422,11,0.0,0.0,0,1
375422,1025,0.0,0.0,0,1
375422,672,0.0,0.0,0,1
375422,174,0.0,1.0,0,1
375422,269,1.0,-1.0,0,0
375422,460,0.0,0.0,0,1
375422,616,1.0,-1.0,0,0
375422,1301,0.0,0.0,0,1
376205,1376,0.0,0.0,0,1
376205,2010,0.0,0.0,0,1
376205,1671,0.0,0.0,0,1
376205,904,0.0,0.0,0,1
376205,724,0.0,0.0,0,1
376205,352,0.0,0.0,0,1
376205,523,0.0,0.0,0,1
376205,1455,0.0,0.0,0,1
376205,3384,0.0,0.0,0,1
376205,700,0.0,0.0,0,1
377054,411,0.0,0.0,0,1
377054,2539,0.0,0.0,0,1
377054,401,0.0,0.0,0,1
377054,2252,0.0,0.0,0,1
377054,1909,0.0,0.0,0,1
377054,1569,0.0,0.0,0,1
377054,2255,0.0,0.0,0,1
377054,285,0.0,0.0,0,1
377054,276,0.0,0.0,0,1
377054,608,0.0,0.0,0,1
386473,1020,0.0,1.0,0,1
386473,26,0.0,0.0,0,1
386473,98,0.0,0.0,0,1
386473,147,0.0,0.0,0,1
386473,262,0.0,0.0,0,1
386473,312,0.0,0.0,0,1
386473,328,0.0,3.0,0,1
386473,126,0.0,2.0,0,1
386473,375,0.0,0.0,0,1
386473,872,0.0,0.0,0,1
386473,365,0.0,1.0,0,1
386473,728,0.0,2.0,0,1
386473,518,0.0,0.0,0,1
386473,435,0.0,0.0,0,1
386473,1065,0.0,1.0,0,1
386473,389,0.0,2.0,0,1
386473,2742,0.0,0.0,0,1
386473,1111,0.0,0.0,0,1
386473,404,0.0,1.0,0,1
386473,2581,0.0,0.0,0,1
388807,650,0.0,0.0,0,1
388807,1408,0.0,0.0,0,1
388807,1502,0.0,0.0,0,1
388807,823,0.0,0.0,0,1
388807,2707,0.0,0.0,0,1
388807,2742,0.0,0.0,0,1
388807,3391,0.0,0.0,0,1
388807,2685,0.0,0.0,0,1
388807,2611,1.0,-1.0,0,0
398923,575,0.0,0.0,0,1
398923,493,0.0,0.0,0,1
398923,1295,0.0,0.0,0,1
398923,1444,0.0,0.0,0,1
398923,1484,0.0,0.0,0,1
398923,1622,0.0,0.0,0,1
398923,2681,0.0,0.0,0,1
398923,1977,0.0,0.0,0,1
398923,3856,0.0,0.0,0,1
398923,3134,0.0,0.0,0,1
421948,3562,0.0,0.0,0,1
421948,2041,0.0,0.0,0,1
421948,2101,0.0,0.0,0,1
421948,2460,0.0,0.0,0,1
421948,1131,0.0,0.0,0,1
421948,3307,0.0,0.0,0,1
421948,3337,0.0,0.0,0,1
421948,3338,0.0,0.0,0,1
421948,3262,0.0,0.0,0,1
421948,3340,0.0,0.0,0,1
460946,115,0.0,0.0,0,1
460946,2674,0.0,0.0,0,1
460946,1739,0.0,0.0,0,1
460946,1492,0.0,1.0,0,1
460946,1201,0.0,2.0,0,1
460946,573,0.0,0.0,0,1
460946,337,0.0,0.0,0,1
460946,2968,0.0,1.0,0,1
460946,81,0.0,0.0,0,1
462765,688,0.0,0.0,0,1
462765,3,0.0,0.0,0,1
462765,66,0.0,0.0,0,1
462765,727,0.0,0.0,0,1
462765,102,0.0,0.0,0,1
462765,111,0.0,0.0,0,1
462765,132,0.0,0.0,0,1
462765,1301,0.0,0.0,0,1
462765,1001,0.0,0.0,0,1
462765,99,0.0,0.0,0,1
462765,168,0.0,0.0,0,1
462765,462,0.0,0.0,0,1
462765,455,0.0,1.0,0,1
462765,395,0.0,0.0,0,1
462765,361,0.0,0.0,0,1
462765,350,0.0,0.0,0,1
462765,323,0.0,0.0,0,1
462765,140,0.0,0.0,0,1
462765,475,0.0,0.0,0,1
537948,19,0.0,0.0,0,1
537948,20,0.0,0.0,0,1
537948,15,0.0,0.0,0,1
537948,22,0.0,0.0,0,1
537948,23,0.0,0.0,0,1
537948,24,0.0,1.0,0,1
537948,25,0.0,0.0,0,1
537948,31,0.0,0.0,0,1
537948,30,0.0,0.0,0,1
537948,0,0.0,0.0,0,1
537948,21,0.0,0.0,0,1
537948,32,0.0,0.0,0,1
537948,16,0.0,0.0,0,1
537948,11,0.0,0.0,0,1
537948,12,0.0,1.0,0,1
537948,5,0.0,0.0,0,1
537948,9,0.0,0.0,0,1
537948,10,0.0,0.0,0,1
537948,17,0.0,0.0,0,1
546902,61,0.0,0.0,0,1
546902,70,0.0,0.0,0,1
546902,131,0.0,0.0,0,1
546902,871,0.0,0.0,0,1
546902,1037,0.0,0.0,0,1
546902,1065,0.0,0.0,0,1
546902,1102,0.0,0.0,0,1
546902,2851,0.0,0.0,0,1
546902,2896,0.0,0.0,0,1
546902,2996,0.0,0.0,0,1
546902,3127,0.0,0.0,0,1
546902,2806,0.0,0.0,0,1
546902,1790,0.0,0.0,0,1
546902,1614,0.0,1.0,0,1
546902,1515,0.0,0.0,0,1
546902,1110,0.0,0.0,0,1
546902,2967,0.0,0.0,0,1
546902,25,0.0,0.0,0,1
546902,45,0.0,0.0,0,1
554005,614,1.0,-1.0,0,0
554005,657,0.0,0.0,0,1
554005,732,0.0,0.0,0,1
554005,1011,0.0,0.0,0,1
554005,12,1.0,-1.0,0,0
554005,594,0.0,0.0,0,1
554005,67,0.0,0.0,0,1
554005,281,0.0,0.0,0,1
554005,2134,0.0,0.0,0,1
554005,2137,0.0,0.0,0,1
554005,306,1.0,-1.0,0,0
554005,1383,0.0,2.0,0,1
554005,1239,0.0,0.0,0,1
554005,579,0.0,0.0,0,1
554005,426,1.0,-1.0,0,0
554005,1606,0.0,0.0,0,1
554005,486,0.0,0.0,0,1
554005,513,0.0,0.0,0,1
554005,383,0.0,0.0,0,1
569192,1491,0.0,0.0,0,1
569192,3205,0.0,0.0,0,1
569192,3562,0.0,0.0,0,1
569192,3592,0.0,0.0,0,1
569192,3784,1.0,-3.0,0,0
569192,3785,1.0,-1.0,0,0
569192,2460,0.0,0.0,0,1
569192,2038,0.0,0.0,0,1
569192,1286,0.0,0.0,0,1
569192,89,0.0,0.0,0,1
569192,32,0.0,0.0,0,1
569192,121,0.0,0.0,0,1
569192,123,1.0,-1.0,0,0
569192,1211,0.0,0.0,0,1
569192,212,0.0,0.0,0,1
569192,668,0.0,0.0,0,1
569192,910,0.0,0.0,0,1
569192,931,0.0,0.0,0,1
569192,933,0.0,0.0,0,1
583986,1693,0.0,1.0,0,1
583986,161,0.0,1.0,0,1
583986,208,0.0,2.0,0,1
583986,300,0.0,0.0,0,1
583986,735,0.0,2.0,0,1
583986,3811,0.0,3.0,0,1
583986,3807,0.0,2.0,0,1
583986,1863,0.0,1.0,0,1
583986,3320,0.0,3.0,0,1
583986,745,0.0,1.0,0,1
583986,788,0.0,1.0,0,1
583986,809,0.0,1.0,0,1
583986,1183,0.0,0.0,0,1
583986,1517,0.0,1.0,0,1
583986,1645,0.0,0.0,0,1
583986,3049,0.0,0.0,0,1
583986,2513,0.0,0.0,0,1
583986,3810,0.0,3.0,0,1
583986,2242,0.0,0.0,0,1
586452,1299,0.0,0.0,0,1
586452,2085,0.0,0.0,0,1
586452,3236,0.0,0.0,0,1
586452,3235,0.0,0.0,0,1
586452,1310,0.0,0.0,0,1
586452,1803,0.0,0.0,0,1
586452,3017,0.0,0.0,0,1
586452,2466,0.0,0.0,0,1
586452,2084,1.0,-1.0,0,0
593977,318,0.0,1.0,0,1
593977,257,0.0,0.0,0,1
593977,75,0.0,0.0,0,1
593977,50,0.0,0.0,0,1
593977,2891,0.0,0.0,0,1
593977,1995,0.0,0.0,0,1
593977,2167,0.0,0.0,0,1
593977,2338,0.0,0.0,0,1
593977,2800,0.0,0.0,0,1
593977,1870,0.0,2.0,0,1
600918,1475,0.0,1.0,0,1
600918,2409,0.0,1.0,0,1
600918,2406,0.0,3.0,0,1
600918,7,0.0,1.0,0,1
600918,657,0.0,3.0,0,1
600918,1532,0.0,1.0,0,1
600918,130,0.0,3.0,0,1
600918,336,0.0,0.0,0,1
600918,228,0.0,0.0,0,1
600918,437,0.0,0.0,0,1
600918,117,0.0,0.0,0,1
600918,12,0.0,1.0,0,1
600918,383,0.0,1.0,0,1
600918,426,0.0,0.0,0,1
600918,59,0.0,0.0,0,1
600918,495,0.0,0.0,0,1
600918,520,0.0,1.0,0,1
600918,559,0.0,0.0,0,1
600918,579,0.0,0.0,0,1
600918,405,0.0,3.0,0,1
622095,357,1.0,-1.0,0,0
622095,787,0.0,0.0,0,1
622095,353,1.0,-1.0,0,0
622095,181,0.0,0.0,0,1
622095,960,0.0,0.0,0,1
622095,1078,0.0,0.0,0,1
622095,757,0.0,0.0,0,1
622095,380,1.0,-2.0,0,0
622095,1123,1.0,-1.0,0,0
622095,1584,0.0,0.0,0,1
622095,143,0.0,0.0,0,1
622095,30,0.0,0.0,0,1
622095,13,0.0,0.0,0,1
622095,5,0.0,0.0,0,1
622095,152,0.0,0.0,0,1
622095,399,1.0,-1.0,0,0
622095,419,0.0,0.0,0,1
622095,740,1.0,-2.0,0,0
622095,407,0.0,0.0,0,1
622095,445,1.0,-2.0,0,0
633526,953,0.0,0.0,0,1
633526,962,0.0,0.0,0,1
633526,1233,0.0,1.0,0,1
633526,956,0.0,0.0,0,1
633526,599,0.0,0.0,0,1
633526,959,1.0,-1.0,0,0
633526,3783,0.0,0.0,0,1
633526,27,0.0,0.0,0,1
633526,343,0.0,0.0,0,1
661509,1557,0.0,0.0,0,1
661509,492,0.0,0.0,0,1
661509,383,0.0,0.0,0,1
661509,2525,0.0,0.0,0,1
661509,80,0.0,2.0,0,1
661509,1547,0.0,0.0,0,1
661509,1133,0.0,0.0,0,1
661509,46,1.0,-1.0,0,0
661509,171,0.0,0.0,0,1
680470,119,0.0,0.0,0,1
680470,115,0.0,0.0,0,1
680470,3,0.0,0.0,0,1
680470,200,0.0,0.0,0,1
680470,671,1.0,-1.0,0,0
680470,1918,0.0,0.0,0,1
680470,849,0.0,0.0,0,1
680470,651,0.0,0.0,0,1
680470,450,0.0,0.0,0,1
680470,381,0.0,0.0,0,1
680470,245,0.0,0.0,0,1
680470,1919,1.0,-2.0,0,0
680470,1059,0.0,0.0,0,1
680470,1068,0.0,1.0,0,1
680470,1126,0.0,0.0,0,1
680470,1150,0.0,0.0,0,1
680470,1747,0.0,0.0,0,1
680470,1770,0.0,0.0,0,1
680470,879,0.0,0.0,0,1
694840,578,0.0,0.0,1,1
694840,324,1.0,-1.0,1,0
694840,410,1.0,-1.0,1,0
694840,227,1.0,-1.0,1,0
694840,1921,1.0,-1.0,1,0
694840,2390,1.0,-1.0,1,0
694840,128,1.0,-1.0,1,0
694840,129,0.0,0.0,1,1
694840,2129,0.0,0.0,1,1
694840,2817,1.0,-1.0,1,0
694840,3010,1.0,-1.0,1,0
694840,3920,1.0,-2.0,1,0
694840,2950,1.0,-1.0,1,0
694840,1834,0.0,2.0,1,1
694840,1738,0.0,0.0,1,1
694840,256,0.0,0.0,1,1
694840,855,0.0,0.0,1,1
694840,2383,0.0,0.0,1,1
694840,2190,0.0,0.0,1,1
700512,109,0.0,0.0,0,1
700512,2739,0.0,0.0,0,1
700512,2107,1.0,-1.0,0,0
700512,1733,0.0,0.0,0,1
700512,1714,0.0,1.0,0,1
700512,1698,0.0,0.0,0,1
700512,1097,0.0,0.0,0,1
700512,1018,0.0,0.0,0,1
700512,101,0.0,0.0,0,1
700512,929,0.0,0.0,0,1
700512,907,0.0,0.0,0,1
700512,518,0.0,0.0,0,1
700512,398,0.0,0.0,0,1
700512,375,0.0,0.0,0,1
700512,91,0.0,0.0,0,1
700512,127,0.0,0.0,0,1
700512,1049,1.0,-1.0,0,0
700512,647,0.0,0.0,0,1
700512,790,0.0,0.0,0,1
707010,1686,0.0,0.0,0,1
707010,1814,0.0,0.0,0,1
707010,2592,0.0,0.0,0,1
707010,2632,0.0,1.0,0,1
707010,3491,0.0,1.0,0,1
707010,3492,0.0,0.0,0,1
707010,764,0.0,0.0,0,1
707010,762,0.0,0.0,0,1
707010,437,0.0,0.0,0,1
707010,1219,0.0,0.0,0,1
709074,1079,0.0,0.0,0,1
709074,74,0.0,0.0,0,1
709074,415,0.0,0.0,0,1
709074,431,0.0,0.0,0,1
709074,890,0.0,0.0,0,1
709074,1956,0.0,0.0,0,1
709074,2320,0.0,0.0,0,1
709074,2381,1.0,-1.0,0,0
709074,2986,0.0,0.0,0,1
709074,908,0.0,0.0,0,1
724915,2580,0.0,0.0,0,1
724915,3928,0.0,0.0,0,1
724915,3904,0.0,0.0,0,1
724915,2638,0.0,2.0,0,1
724915,2871,0.0,0.0,0,1
724915,1096,0.0,0.0,0,1
724915,3404,0.0,0.0,0,1
724915,1525,0.0,0.0,0,1
724915,1176,0.0,0.0,0,1
749616,70,0.0,0.0,0,1
749616,95,0.0,0.0,0,1
749616,398,0.0,0.0,0,1
749616,403,0.0,0.0,0,1
749616,608,0.0,0.0,0,1
749616,681,0.0,0.0,0,1
749616,908,0.0,0.0,0,1
749616,974,0.0,0.0,0,1
749616,1606,0.0,0.0,0,1
749616,1849,0.0,1.0,0,1
749616,61,0.0,0.0,0,1
749616,59,0.0,0.0,0,1
749616,15,0.0,0.0,0,1
749616,10,0.0,0.0,0,1
749616,1975,0.0,0.0,0,1
749616,2100,0.0,0.0,0,1
749616,1809,0.0,0.0,0,1
783899,261,0.0,0.0,0,1
783899,65,0.0,0.0,0,1
783899,836,0.0,0.0,0,1
783899,1249,0.0,0.0,0,1
783899,370,0.0,0.0,0,1
783899,1259,0.0,0.0,0,1
783899,1571,0.0,0.0,0,1
783899,1894,0.0,1.0,0,1
783899,3472,0.0,0.0,0,1
783899,2592,0.0,0.0,0,1
784353,1733,0.0,0.0,0,1
784353,839,0.0,0.0,0,1
784353,424,0.0,0.0,0,1
784353,417,1.0,-1.0,0,0
784353,361,0.0,0.0,0,1
784353,452,0.0,0.0,0,1
784353,204,1.0,-1.0,0,0
784353,202,0.0,0.0,0,1
784353,67,0.0,0.0,0,1
784353,51,0.0,0.0,0,1
801279,1645,1.0,-1.0,1,0
801279,2499,0.0,0.0,1,1
801279,2723,1.0,-1.0,1,0
801279,3117,0.0,0.0,1,1
801279,733,1.0,-3.0,1,0
801279,496,1.0,-1.0,1,0
801279,469,0.0,0.0,1,1
801279,464,0.0,0.0,1,1
801279,1309,1.0,-1.0,1,0
804607,2399,1.0,-1.0,0,0
804607,1787,0.0,0.0,0,1
804607,2726,0.0,0.0,0,1
804607,213,0.0,0.0,0,1
804607,383,0.0,0.0,0,1
804607,611,0.0,0.0,0,1
804607,1557,0.0,0.0,0,1
804607,1423,0.0,0.0,0,1
804607,829,0.0,0.0,0,1
804607,3094,0.0,0.0,0,1
808184,11,0.0,0.0,0,1
808184,58,0.0,0.0,0,1
808184,62,0.0,0.0,0,1
808184,174,0.0,1.0,0,1
808184,308,0.0,0.0,0,1
808184,466,0.0,0.0,0,1
808184,932,0.0,0.0,0,1
808184,1609,0.0,0.0,0,1
808184,1626,0.0,0.0,0,1
808184,154,0.0,0.0,0,1
810614,429,0.0,0.0,0,1
810614,357,0.0,0.0,0,1
810614,445,0.0,0.0,0,1
810614,568,0.0,0.0,0,1
810614,289,0.0,0.0,0,1
810614,228,0.0,0.0,0,1
810614,338,0.0,0.0,0,1
810614,271,0.0,2.0,0,1
810614,180,0.0,0.0,0,1
810614,63,0.0,0.0,0,1
811924,204,0.0,0.0,0,1
811924,1079,0.0,0.0,0,1
811924,288,0.0,0.0,0,1
811924,269,0.0,0.0,0,1
811924,1694,0.0,0.0,0,1
811924,936,0.0,0.0,0,1
811924,1233,0.0,1.0,0,1
811924,1606,0.0,0.0,0,1
811924,1607,0.0,0.0,0,1
811924,568,0.0,0.0,0,1
823763,643,0.0,0.0,0,1
823763,138,0.0,0.0,0,1
823763,609,0.0,0.0,0,1
823763,701,0.0,0.0,0,1
823763,976,0.0,0.0,0,1
823763,904,0.0,0.0,0,1
823763,130,0.0,0.0,0,1
823763,1127,0.0,0.0,0,1
823763,1485,0.0,0.0,0,1
823763,1634,0.0,0.0,0,1
823763,1640,0.0,0.0,0,1
823763,1989,0.0,0.0,0,1
823763,2009,0.0,0.0,0,1
823763,2174,0.0,0.0,0,1
823763,2176,0.0,0.0,0,1
823763,2309,0.0,0.0,0,1
823763,2636,0.0,0.0,0,1
823763,707,0.0,0.0,0,1
823763,131,0.0,0.0,0,1
833825,675,0.0,0.0,0,1
833825,1079,0.0,0.0,0,1
833825,1224,0.0,0.0,0,1
833825,1847,1.0,-2.0,0,0
833825,1995,1.0,-1.0,0,0
833825,2305,0.0,0.0,0,1
833825,35,0.0,0.0,0,1
833825,77,0.0,1.0,0,1
833825,487,1.0,-1.0,0,0
833825,727,0.0,0.0,0,1
840118,1611,0.0,0.0,0,1
840118,1008,0.0,0.0,0,1
840118,939,0.0,0.0,0,1
840118,949,0.0,0.0,0,1
840118,932,0.0,0.0,0,1
840118,963,0.0,0.0,0,1
840118,305,0.0,0.0,0,1
840118,1373,0.0,0.0,0,1
840118,1607,0.0,0.0,0,1
840118,1233,0.0,1.0,0,1
849920,405,0.0,3.0,0,1
849920,668,0.0,0.0,0,1
849920,790,0.0,0.0,0,1
849920,872,0.0,0.0,0,1
849920,976,0.0,0.0,0,1
849920,587,0.0,0.0,0,1
849920,1105,0.0,0.0,0,1
849920,1634,0.0,0.0,0,1
849920,645,0.0,0.0,0,1
849920,18,0.0,0.0,0,1
849920,45,0.0,0.0,0,1
849920,1675,0.0,0.0,0,1
849920,1804,1.0,-3.0,0,0
849920,2799,0.0,0.0,0,1
849920,2953,0.0,0.0,0,1
849920,605,0.0,0.0,0,1
849920,51,0.0,0.0,0,1
849920,357,0.0,0.0,0,1
849920,1189,0.0,0.0,0,1
907749,1239,0.0,1.0,0,1
907749,1207,0.0,0.0,0,1
907749,1198,0.0,0.0,0,1
907749,757,0.0,0.0,0,1
907749,241,0.0,1.0,0,1
907749,603,0.0,0.0,0,1
907749,580,0.0,0.0,0,1
907749,488,0.0,1.0,0,1
907749,437,0.0,0.0,0,1
907749,360,0.0,0.0,0,1
907749,260,0.0,0.0,0,1
907749,4,0.0,0.0,0,1
907749,15,0.0,0.0,0,1
907749,627,0.0,0.0,0,1
907749,568,0.0,0.0,0,1
907749,1345,0.0,1.0,0,1
907749,2136,0.0,1.0,0,1
916927,91,0.0,0.0,0,1
916927,2670,0.0,1.0,0,1
916927,3057,0.0,0.0,0,1
916927,3931,0.0,1.0,0,1
916927,2429,0.0,0.0,0,1
916927,2115,0.0,0.0,0,1
916927,1859,0.0,1.0,0,1
916927,1705,0.0,0.0,0,1
916927,1091,0.0,0.0,0,1
916927,917,0.0,1.0,0,1
916927,90,0.0,0.0,0,1
916927,602,0.0,1.0,0,1
916927,906,0.0,1.0,0,1
916927,2921,0.0,0.0,0,1
916927,221,0.0,0.0,0,1
916927,382,0.0,0.0,0,1
916927,2967,0.0,0.0,0,1
916927,70,0.0,1.0,0,1
916927,72,0.0,1.0,0,1
920274,1061,0.0,0.0,0,1
920274,1119,0.0,0.0,0,1
920274,1771,0.0,0.0,0,1
920274,2970,0.0,0.0,0,1
920274,437,0.0,0.0,0,1
920274,775,0.0,0.0,0,1
920274,3614,0.0,0.0,0,1
920274,3103,0.0,0.0,0,1
920274,2554,0.0,0.0,0,1
920274,2522,0.0,0.0,0,1
923974,964,0.0,0.0,0,1
923974,1029,0.0,0.0,0,1
923974,1198,0.0,0.0,0,1
923974,1656,0.0,0.0,0,1
923974,1613,0.0,0.0,0,1
923974,1214,0.0,0.0,0,1
923974,2486,0.0,0.0,0,1
923974,115,0.0,0.0,0,1
923974,171,0.0,0.0,0,1
923974,270,0.0,0.0,0,1
923974,381,0.0,0.0,0,1
923974,1117,0.0,0.0,0,1
923974,1933,0.0,0.0,0,1
923974,1108,0.0,0.0,0,1
923974,1063,0.0,0.0,0,1
923974,401,0.0,1.0,0,1
923974,461,0.0,0.0,0,1
923974,771,0.0,0.0,0,1
923974,1074,0.0,0.0,0,1
923974,2124,0.0,0.0,0,1
943685,2723,0.0,0.0,0,1
943685,2593,0.0,0.0,0,1
943685,2726,0.0,0.0,0,1
943685,2448,0.0,0.0,0,1
943685,1998,0.0,0.0,0,1
943685,383,0.0,0.0,0,1
943685,201,0.0,0.0,0,1
943685,3727,0.0,0.0,0,1
943685,1210,0.0,0.0,0,1
945573,807,0.0,1.0,0,1
945573,804,0.0,0.0,0,1
945573,177,0.0,0.0,0,1
945573,248,0.0,0.0,0,1
945573,1234,0.0,0.0,0,1
945573,1377,0.0,0.0,0,1
945573,658,0.0,1.0,0,1
945573,1422,0.0,0.0,0,1
945573,1459,0.0,0.0,0,1
945573,642,0.0,1.0,0,1
945573,1874,0.0,1.0,0,1
945573,376,0.0,0.0,0,1
945573,515,0.0,0.0,0,1
945573,2657,0.0,0.0,0,1
945573,2660,0.0,1.0,0,1
945573,2664,0.0,3.0,0,1
945573,2655,0.0,0.0,0,1
945573,2124,0.0,0.0,0,1
946822,708,0.0,0.0,0,1
946822,1554,0.0,0.0,0,1
946822,1762,0.0,0.0,0,1
946822,2579,0.0,0.0,0,1
946822,4038,0.0,0.0,0,1
946822,3422,0.0,0.0,0,1
946822,2787,0.0,0.0,0,1
946822,692,0.0,0.0,0,1
946822,3373,0.0,0.0,0,1
946822,3381,0.0,0.0,0,1
966578,2405,0.0,0.0,0,1
966578,476,0.0,0.0,0,1
966578,463,0.0,0.0,0,1
966578,457,0.0,0.0,0,1
966578,440,1.0,-1.0,0,0
966578,688,0.0,0.0,0,1
966578,733,0.0,0.0,0,1
966578,785,0.0,1.0,0,1
966578,1507,0.0,0.0,0,1
966578,1802,0.0,0.0,0,1
966578,2250,0.0,0.0,0,1
966578,393,0.0,0.0,0,1
966578,2481,0.0,1.0,0,1
966578,662,0.0,0.0,0,1
966578,437,0.0,0.0,0,1
966578,334,0.0,0.0,0,1
966578,386,0.0,0.0,0,1
966578,389,0.0,0.0,0,1
966578,228,0.0,0.0,0,1
966578,323,0.0,0.0,0,1
967899,568,0.0,0.0,0,1
967899,961,0.0,1.0,0,1
967899,973,0.0,0.0,0,1
967899,2398,0.0,0.0,0,1
967899,3197,0.0,0.0,0,1
967899,2919,0.0,0.0,0,1
967899,3416,0.0,0.0,0,1
967899,492,0.0,0.0,0,1
967899,2584,0.0,0.0,0,1
967899,1440,0.0,0.0,0,1
968361,3044,0.0,0.0,0,1
968361,2603,0.0,0.0,0,1
968361,2396,0.0,0.0,0,1
968361,3110,0.0,0.0,0,1
968361,3112,0.0,0.0,0,1
968361,3725,0.0,0.0,0,1
968361,2583,0.0,0.0,0,1
968361,69,0.0,0.0,0,1
968361,1409,0.0,0.0,0,1
968361,1644,0.0,0.0,0,1
977682,3210,0.0,0.0,0,1
977682,2558,0.0,0.0,0,1
977682,2030,0.0,0.0,0,1
977682,2028,0.0,0.0,0,1
977682,1936,0.0,0.0,0,1
977682,1515,0.0,0.0,0,1
977682,589,0.0,0.0,0,1
977682,163,0.0,0.0,0,1
996869,3383,0.0,0.0,0,1
996869,3397,0.0,0.0,0,1
996869,3299,0.0,0.0,0,1
996869,670,0.0,0.0,0,1
996869,1640,0.0,0.0,0,1
996869,901,0.0,0.0,0,1
996869,774,0.0,0.0,0,1
996869,352,0.0,0.0,0,1
996869,1987,0.0,0.0,0,1
999587,893,0.0,0.0,0,1
999587,875,0.0,0.0,0,1
999587,825,0.0,1.0,0,1
999587,429,0.0,0.0,0,1
999587,975,0.0,0.0,0,1
999587,1019,0.0,0.0,0,1
999587,1174,0.0,0.0,0,1
999587,1505,0.0,0.0,0,1
999587,1705,0.0,0.0,0,1
999587,2115,0.0,0.0,0,1
999587,2328,0.0,0.0,0,1
999587,3727,0.0,0.0,0,1
999587,214,0.0,0.0,0,1
999587,138,0.0,0.0,0,1
999587,135,0.0,0.0,0,1
999587,126,0.0,0.0,0,1
999587,95,0.0,0.0,0,1
999587,57,0.0,0.0,0,1
999587,1869,0.0,0.0,0,1
999587,971,0.0,0.0,0,1
1028038,2822,0.0,0.0,0,1
1028038,3467,0.0,0.0,0,1
1028038,3097,0.0,0.0,0,1
1028038,2820,0.0,0.0,0,1
1028038,2453,0.0,0.0,0,1
1028038,1506,0.0,0.0,0,1
1028038,1408,0.0,0.0,0,1
1028038,862,0.0,0.0,0,1
1028038,823,0.0,0.0,0,1
1028038,810,0.0,0.0,0,1
1062754,1603,0.0,0.0,0,1
1062754,2219,0.0,0.0,0,1
1062754,1605,0.0,0.0,0,1
1062754,1349,0.0,0.0,0,1
1062754,616,0.0,0.0,0,1
1062754,997,0.0,0.0,0,1
1062754,24,0.0,0.0,0,1
1062754,462,0.0,0.0,0,1
1062754,323,0.0,0.0,0,1
1062754,326,0.0,0.0,0,1
1064649,1672,0.0,3.0,0,1
1064649,2453,0.0,0.0,0,1
1064649,2619,1.0,-1.0,0,0
1064649,598,0.0,0.0,0,1
1064649,1735,0.0,0.0,0,1
1064649,364,0.0,0.0,0,1
1064649,1840,0.0,0.0,0,1
1064649,611,0.0,0.0,0,1
1064649,2918,1.0,-1.0,0,0
1078251,47,0.0,0.0,0,1
1078251,17,0.0,0.0,0,1
1078251,61,0.0,0.0,0,1
1078251,1003,0.0,0.0,0,1
1078251,1950,0.0,0.0,0,1
1078251,1585,0.0,0.0,0,1
1078251,1106,0.0,0.0,0,1
1078251,90,0.0,0.0,0,1
1078251,95,0.0,0.0,0,1
1078251,148,0.0,0.0,0,1
1078251,1022,0.0,0.0,0,1
1078251,976,0.0,0.0,0,1
1078251,609,0.0,0.0,0,1
1078251,99,0.0,0.0,0,1
1078251,380,0.0,0.0,0,1
1078251,1040,0.0,0.0,0,1
1078251,1044,0.0,0.0,0,1
1078251,342,0.0,0.0,0,1
1078251,286,0.0,0.0,0,1
1078251,264,0.0,0.0,0,1
1078839,2955,0.0,0.0,0,1
1078839,476,1.0,-1.0,0,0
1078839,1086,0.0,0.0,0,1
1078839,1350,0.0,1.0,0,1
1078839,1372,0.0,0.0,0,1
1078839,320,0.0,0.0,0,1
1078839,2739,0.0,0.0,0,1
1078839,2966,0.0,0.0,0,1
1078839,384,0.0,0.0,0,1
1078839,2811,0.0,0.0,0,1
1084843,266,0.0,0.0,0,1
1084843,112,0.0,0.0,0,1
1084843,140,0.0,0.0,0,1
1084843,258,0.0,0.0,0,1
1084843,336,0.0,3.0,0,1
1084843,357,0.0,0.0,0,1
1084843,375,0.0,0.0,0,1
1084843,104,0.0,2.0,0,1
1084843,668,0.0,1.0,0,1
1084843,902,0.0,0.0,0,1
1084843,930,0.0,3.0,0,1
1084843,971,0.0,0.0,0,1
1084843,1110,0.0,0.0,0,1
1084843,1111,0.0,0.0,0,1
1084843,2471,0.0,3.0,0,1
1084843,890,0.0,0.0,0,1
1084843,57,0.0,0.0,0,1
1084843,970,0.0,0.0,0,1
1084843,8,0.0,2.0,0,1
1100463,341,0.0,0.0,0,1
1100463,3686,0.0,0.0,0,1
1100463,3491,0.0,1.0,0,1
1100463,3455,0.0,0.0,0,1
1100463,3518,0.0,0.0,0,1
1100463,2729,0.0,0.0,0,1
1100463,2675,0.0,3.0,0,1
1100463,1568,0.0,0.0,0,1
1100463,1558,0.0,0.0,0,1
1100463,3454,0.0,1.0,0,1
1106855,905,0.0,0.0,0,1
1106855,336,0.0,0.0,0,1
1106855,1003,0.0,0.0,0,1
1106855,1030,0.0,0.0,0,1
1106855,1099,0.0,0.0,0,1
1106855,1333,0.0,0.0,0,1
1106855,1349,0.0,1.0,0,1
1106855,989,0.0,0.0,0,1
1106855,1126,0.0,0.0,0,1
1106855,206,0.0,0.0,0,1
1106855,38,0.0,1.0,0,1
1106855,404,0.0,0.0,0,1
1106855,867,0.0,0.0,0,1
1106855,610,0.0,0.0,0,1
1106855,472,0.0,0.0,0,1
1106855,245,0.0,0.0,0,1
1106855,451,0.0,0.0,0,1
1106855,106,0.0,0.0,0,1
1106855,136,0.0,0.0,0,1
1106855,43,0.0,0.0,0,1
1111314,124,0.0,0.0,0,1
1111314,268,0.0,0.0,0,1
1111314,560,0.0,0.0,0,1
1111314,715,0.0,1.0,0,1
1111314,921,0.0,0.0,0,1
1111314,1072,0.0,3.0,0,1
1111314,1082,0.0,0.0,0,1
1111314,1214,0.0,0.0,0,1
1111314,1247,0.0,0.0,0,1
1111314,1383,0.0,1.0,0,1
1111314,1530,0.0,1.0,0,1
1111314,1656,0.0,0.0,0,1
1111314,1666,0.0,0.0,0,1
1111314,1796,0.0,1.0,0,1
1111314,1889,0.0,0.0,0,1
1111314,2124,0.0,0.0,0,1
1111314,1295,0.0,0.0,0,1
1111314,1575,0.0,0.0,0,1
1126594,1817,0.0,1.0,0,1
1126594,1828,0.0,0.0,0,1
1126594,1407,0.0,0.0,0,1
1126594,1595,0.0,0.0,0,1
1126594,1813,0.0,0.0,0,1
1126594,2974,0.0,1.0,0,1
1126594,3127,0.0,0.0,0,1
1126594,3457,0.0,0.0,0,1
1126594,3749,0.0,0.0,0,1
1126594,2006,0.0,0.0,0,1
1126594,1224,0.0,0.0,0,1
1126594,885,0.0,1.0,0,1
1126594,523,0.0,0.0,0,1
1126594,455,0.0,0.0,0,1
1126594,403,0.0,0.0,0,1
1126594,193,0.0,0.0,0,1
1126594,172,0.0,0.0,0,1
1126594,896,0.0,1.0,0,1
1126594,2711,0.0,0.0,0,1
1133583,395,0.0,0.0,0,1
1133583,3025,0.0,0.0,0,1
1133583,2694,0.0,0.0,0,1
1133583,55,0.0,0.0,0,1
1133583,2378,0.0,0.0,0,1
1133583,2480,0.0,0.0,0,1
1133583,460,0.0,0.0,0,1
1133583,587,0.0,0.0,0,1
1133583,1338,1.0,-1.0,0,0
1133583,1668,0.0,0.0,0,1
1140231,2567,0.0,1.0,0,1
1140231,2573,0.0,0.0,0,1
1140231,3184,0.0,0.0,0,1
1140231,2273,0.0,0.0,0,1
1140231,2062,0.0,0.0,0,1
1140231,2061,0.0,0.0,0,1
1140231,1968,0.0,0.0,0,1
1140231,903,0.0,0.0,0,1
1140231,2333,0.0,0.0,0,1
1173977,2920,0.0,1.0,0,1
1173977,2508,0.0,0.0,0,1
1173977,1497,1.0,-1.0,0,0
1173977,1830,1.0,-1.0,0,0
1173977,1569,0.0,0.0,0,1
1173977,1391,1.0,-1.0,0,0
1173977,923,0.0,0.0,0,1
1173977,633,0.0,0.0,0,1
1173977,2290,0.0,0.0,0,1
1185345,759,0.0,0.0,0,1
1185345,2457,1.0,-1.0,0,0
1185345,3391,0.0,1.0,0,1
1185345,3212,0.0,0.0,0,1
1185345,3051,1.0,-1.0,0,0
1185345,2298,0.0,0.0,0,1
1185345,322,0.0,1.0,0,1
1185345,2275,0.0,0.0,0,1
1185345,241,0.0,0.0,0,1
1185345,117,0.0,0.0,0,1
1185345,1113,0.0,0.0,0,1
1185345,917,0.0,0.0,0,1
1185345,906,0.0,0.0,0,1
1185345,1510,0.0,0.0,0,1
1185345,1715,0.0,0.0,0,1
1185345,1770,0.0,0.0,0,1
1185345,38,0.0,1.0,0,1
1185345,1033,0.0,0.0,0,1
1185345,1806,0.0,0.0,0,1
1185345,2247,0.0,1.0,0,1
1212997,1493,0.0,0.0,0,1
1212997,1454,0.0,0.0,0,1
1212997,971,0.0,0.0,0,1
1212997,1056,0.0,0.0,0,1
1212997,35,0.0,0.0,0,1
1212997,217,0.0,0.0,0,1
1212997,221,0.0,0.0,0,1
1212997,262,0.0,0.0,0,1
1212997,287,0.0,0.0,0,1
1212997,365,0.0,0.0,0,1
1212997,1415,0.0,0.0,0,1
1212997,1566,0.0,0.0,0,1
1212997,2967,0.0,0.0,0,1
1212997,2429,0.0,0.0,0,1
1212997,2670,0.0,3.0,0,1
1212997,2744,0.0,0.0,0,1
1212997,750,0.0,1.0,0,1
1212997,1859,0.0,1.0,0,1
1212997,877,0.0,0.0,0,1
1220372,3691,0.0,0.0,0,1
1220372,3593,0.0,0.0,0,1
1220372,91,0.0,0.0,0,1
1220372,3085,0.0,0.0,0,1
1220372,2620,0.0,0.0,0,1
1220372,2087,0.0,0.0,0,1
1220372,1893,0.0,0.0,0,1
1220372,1811,0.0,0.0,0,1
1220372,1765,0.0,0.0,0,1
1220372,1479,0.0,0.0,0,1
1221055,178,0.0,0.0,0,1
1221055,256,0.0,0.0,0,1
1221055,2206,1.0,-1.0,0,0
1221055,1297,0.0,0.0,0,1
1221055,1017,0.0,0.0,0,1
1221055,614,1.0,-1.0,0,0
1221055,948,0.0,0.0,0,1
1221055,423,0.0,0.0,0,1
1221055,58,0.0,0.0,0,1
1226695,1553,0.0,0.0,0,1
1226695,152,0.0,0.0,0,1
1226695,297,0.0,0.0,0,1
1226695,549,0.0,0.0,0,1
1226695,606,0.0,0.0,0,1
1226695,645,0.0,0.0,0,1
1226695,647,0.0,0.0,0,1
1226695,859,0.0,0.0,0,1
1226695,2778,0.0,0.0,0,1
1226695,2265,0.0,0.0,0,1
1226695,1910,0.0,0.0,0,1
1226695,1859,0.0,0.0,0,1
1226695,1440,0.0,0.0,0,1
1226695,841,0.0,0.0,0,1
1226695,1105,0.0,0.0,0,1
1226695,3820,0.0,2.0,0,1
1226695,895,0.0,0.0,0,1
1226695,2893,0.0,0.0,0,1
1226695,1426,0.0,0.0,0,1
1228544,2048,0.0,0.0,0,1
1228544,2046,0.0,0.0,0,1
1228544,1489,0.0,0.0,0,1
1228544,1447,0.0,0.0,0,1
1228544,2559,0.0,0.0,0,1
1228544,2089,0.0,0.0,0,1
1228544,2817,0.0,0.0,0,1
1228544,2818,0.0,0.0,0,1
1228544,2819,0.0,0.0,0,1
1228544,669,0.0,0.0,0,1
1233393,327,0.0,0.0,0,1
1233393,82,0.0,0.0,0,1
1233393,197,0.0,3.0,0,1
1233393,261,0.0,0.0,0,1
1233393,1145,0.0,1.0,0,1
1233393,328,0.0,0.0,0,1
1233393,1784,0.0,0.0,0,1
1233393,1239,0.0,0.0,0,1
1233393,940,0.0,0.0,0,1
1233393,1813,0.0,0.0,0,1
1233393,1863,0.0,0.0,0,1
1233393,1866,0.0,0.0,0,1
1233393,1241,0.0,1.0,0,1
1233393,3,0.0,0.0,0,1
1233393,896,0.0,1.0,0,1
1233393,1132,0.0,1.0,0,1
1233393,478,0.0,0.0,0,1
1233393,1868,0.0,0.0,0,1
1233393,57,0.0,2.0,0,1
1240138,1058,0.0,0.0,0,1
1240138,2440,0.0,0.0,0,1
1240138,763,0.0,0.0,0,1
1240138,2960,0.0,0.0,0,1
1240138,3472,0.0,0.0,0,1
1240138,748,0.0,0.0,0,1
1240138,1532,1.0,-1.0,0,0
1240138,1409,1.0,-1.0,0,0
1240138,661,1.0,-1.0,0,0
1244940,2699,0.0,0.0,0,1
1244940,551,0.0,0.0,0,1
1244940,1740,0.0,0.0,0,1
1244940,2111,0.0,0.0,0,1
1244940,2485,0.0,0.0,0,1
1244940,3240,0.0,0.0,0,1
1244940,2964,0.0,0.0,0,1
1244940,2937,0.0,0.0,0,1
1244940,2594,0.0,0.0,0,1
1250844,1957,0.0,0.0,0,1
1250844,217,0.0,0.0,0,1
1250844,1050,0.0,0.0,0,1
1250844,1330,0.0,1.0,0,1
1250844,993,0.0,0.0,0,1
1250844,1630,0.0,0.0,0,1
1250844,29,0.0,0.0,0,1
1250844,498,0.0,0.0,0,1
1250844,31,0.0,0.0,0,1
1250844,44,0.0,0.0,0,1
1250844,134,0.0,0.0,0,1
1250844,162,0.0,0.0,0,1
1250844,168,0.0,0.0,0,1
1250844,1097,0.0,0.0,0,1
1250844,612,0.0,0.0,0,1
1250844,770,0.0,0.0,0,1
1250844,878,0.0,0.0,0,1
1250844,2386,0.0,2.0,0,1
1250844,292,0.0,0.0,0,1
1271243,745,0.0,0.0,0,1
1271243,3113,1.0,-3.0,0,0
1271243,356,0.0,0.0,0,1
1271243,747,0.0,0.0,0,1
1271243,2071,0.0,0.0,0,1
1271243,2571,0.0,0.0,0,1
1271243,2572,0.0,0.0,0,1
1271243,2580,0.0,1.0,0,1
1271243,2073,0.0,0.0,0,1
1272192,628,0.0,0.0,0,1
1272192,683,0.0,0.0,0,1
1272192,872,0.0,0.0,0,1
1272192,73,0.0,0.0,0,1
1272192,1011,0.0,0.0,0,1
1272192,557,0.0,0.0,0,1
1272192,492,0.0,0.0,0,1
1272192,471,0.0,0.0,0,1
1272192,468,0.0,0.0,0,1
1272192,347,0.0,0.0,0,1
1272192,1198,0.0,0.0,0,1
1272192,322,0.0,0.0,0,1
1272192,311,0.0,0.0,0,1
1272192,1323,0.0,0.0,0,1
1272192,559,0.0,0.0,0,1
1272192,1384,0.0,0.0,0,1
1272192,260,0.0,0.0,0,1
1272192,1516,0.0,0.0,0,1
1272192,2132,0.0,0.0,0,1
1274893,38,0.0,1.0,0,1
1274893,189,1.0,-3.0,0,0
1274893,226,0.0,0.0,0,1
1274893,315,0.0,1.0,0,1
1274893,123,0.0,0.0,0,1
1274893,336,0.0,0.0,0,1
1274893,89,0.0,0.0,0,1
1274893,47,0.0,0.0,0,1
1274893,8,0.0,0.0,0,1
1274893,1075,0.0,0.0,0,1
1274893,404,0.0,0.0,0,1
1274893,567,0.0,0.0,0,1
1274893,1211,0.0,1.0,0,1
1274893,1517,0.0,0.0,0,1
1274893,1729,0.0,0.0,0,1
1274893,981,0.0,0.0,0,1
1274893,983,0.0,0.0,0,1
1274893,986,0.0,0.0,0,1
1274893,1073,0.0,0.0,0,1
1287308,61,0.0,0.0,0,1
1287308,2493,0.0,0.0,0,1
1287308,30,0.0,0.0,0,1
1287308,116,0.0,0.0,0,1
1287308,2087,0.0,0.0,0,1
1287308,179,0.0,0.0,0,1
1287308,2575,0.0,0.0,0,1
1287308,1826,0.0,0.0,0,1
1287308,1807,0.0,0.0,0,1
1287308,1664,0.0,0.0,0,1
1287308,1579,0.0,0.0,0,1
1287308,124,0.0,0.0,0,1
1287308,1533,0.0,0.0,0,1
1287308,1553,0.0,0.0,0,1
1287308,1268,0.0,0.0,0,1
1287308,595,0.0,0.0,0,1
1287308,561,0.0,1.0,0,1
1287308,399,0.0,0.0,0,1
1287308,302,0.0,0.0,0,1
1308838,2460,0.0,0.0,0,1
1308838,2040,0.0,0.0,0,1
1308838,1491,0.0,0.0,0,1
1308838,3339,0.0,2.0,0,1
1308838,3562,0.0,0.0,0,1
1308838,673,0.0,0.0,0,1
1308838,3592,0.0,0.0,0,1
1308838,3784,0.0,0.0,0,1
1308838,3785,0.0,0.0,0,1
1308838,32,0.0,0.0,0,1
1319467,58,1.0,-1.0,0,0
1319467,1370,0.0,0.0,0,1
1319467,1364,0.0,0.0,0,1
1319467,1356,1.0,-1.0,0,0
1319467,1339,1.0,-1.0,0,0
1319467,1337,1.0,-3.0,0,0
1319467,1330,0.0,0.0,0,1
1319467,1329,0.0,0.0,0,1
1319467,1328,0.0,0.0,0,1
1319467,736,0.0,0.0,0,1
1319467,185,0.0,3.0,0,1
1319467,698,0.0,0.0,0,1
1319467,641,0.0,0.0,0,1
1319467,373,1.0,-2.0,0,0
1319467,345,1.0,-3.0,0,0
1319467,214,1.0,-1.0,0,0
1319467,191,1.0,-2.0,0,0
1319467,1108,0.0,0.0,0,1
1319467,672,1.0,-1.0,0,0
1319467,1361,0.0,0.0,0,1
1335953,1449,0.0,0.0,0,1
1335953,853,0.0,0.0,0,1
1335953,1007,0.0,0.0,0,1
1335953,1041,0.0,0.0,0,1
1335953,2666,0.0,0.0,0,1
1335953,1429,0.0,0.0,0,1
1335953,2582,0.0,0.0,0,1
1335953,743,0.0,0.0,0,1
1335953,846,0.0,0.0,0,1
1335953,2147,0.0,1.0,0,1
1335953,1579,0.0,0.0,0,1
1335953,3878,0.0,0.0,0,1
1335953,1079,0.0,0.0,0,1
1335953,1260,0.0,0.0,0,1
1335953,748,0.0,0.0,0,1
1335953,1415,0.0,0.0,0,1
1335953,91,0.0,0.0,0,1
1335953,2806,1.0,-1.0,0,0
1335953,820,0.0,0.0,0,1
1342010,1005,0.0,0.0,0,1
1342010,639,0.0,2.0,0,1
1342010,871,0.0,0.0,0,1
1342010,890,0.0,0.0,0,1
1342010,909,0.0,0.0,0,1
1342010,497,0.0,0.0,0,1
1342010,3313,0.0,1.0,0,1
1342010,467,0.0,0.0,0,1
1342010,1020,0.0,0.0,0,1
1342010,1090,0.0,2.0,0,1
1342010,1106,0.0,0.0,0,1
1342010,3050,0.0,1.0,0,1
1342010,1018,0.0,1.0,0,1
1342010,380,0.0,0.0,0,1
1342010,220,0.0,2.0,0,1
1342010,487,1.0,-1.0,0,0
1342010,67,0.0,1.0,0,1
1342010,184,0.0,0.0,0,1
1342010,1391,0.0,0.0,0,1
1344626,2921,0.0,0.0,0,1
1344626,2647,0.0,0.0,0,1
1344626,1896,0.0,0.0,0,1
1344626,1545,0.0,0.0,0,1
1344626,1768,0.0,1.0,0,1
1344626,46,0.0,0.0,0,1
1344626,193,0.0,0.0,0,1
1344626,1376,0.0,1.0,0,1
1344626,1858,0.0,0.0,0,1
1344626,2746,0.0,1.0,0,1
1353904,2977,0.0,0.0,0,1
1353904,1378,0.0,0.0,0,1
1353904,946,0.0,3.0,0,1
1353904,243,0.0,0.0,0,1
1353904,408,0.0,0.0,0,1
1353904,715,0.0,0.0,0,1
1353904,1387,0.0,0.0,0,1
1353904,1388,0.0,0.0,0,1
1353904,1219,0.0,0.0,0,1
1378881,338,0.0,2.0,0,1
1378881,101,1.0,-3.0,0,0
1378881,256,0.0,1.0,0,1
1378881,389,0.0,1.0,0,1
1378881,425,0.0,0.0,0,1
1378881,426,0.0,0.0,0,1
1378881,588,0.0,0.0,0,1
1378881,1309,0.0,0.0,0,1
1378881,175,0.0,1.0,0,1
1399397,748,0.0,0.0,0,1
1399397,1600,0.0,0.0,0,1
1399397,924,0.0,0.0,0,1
1399397,984,0.0,0.0,0,1
1399397,1212,0.0,0.0,0,1
1399397,1973,0.0,0.0,0,1
1399397,1972,0.0,0.0,0,1
1399397,1601,1.0,-1.0,0,0
1399397,1964,0.0,0.0,0,1
1399397,1965,0.0,0.0,0,1
1399397,1966,0.0,0.0,0,1
1399397,1095,0.0,0.0,0,1
1399397,1967,1.0,-1.0,0,0
1399397,1970,0.0,0.0,0,1
1399397,3477,0.0,0.0,0,1
1399397,2984,1.0,-1.0,0,0
1399397,988,0.0,0.0,0,1
1399397,1971,0.0,0.0,0,1
1399397,991,0.0,0.0,0,1
1424317,2920,0.0,1.0,0,1
1424317,2759,0.0,0.0,0,1
1424317,2508,0.0,0.0,0,1
1424317,1376,0.0,1.0,0,1
1424317,1016,0.0,1.0,0,1
1424317,883,0.0,0.0,0,1
1424317,1314,0.0,0.0,0,1
1424317,266,0.0,0.0,0,1
1424317,285,0.0,3.0,0,1
1424317,593,0.0,0.0,0,1
1430603,3730,0.0,0.0,0,1
1430603,1225,0.0,0.0,0,1
1430603,3611,0.0,0.0,0,1
1430603,3588,0.0,0.0,0,1
1430603,3202,0.0,0.0,0,1
1430603,2042,0.0,1.0,0,1
1430603,3684,0.0,0.0,0,1
1430603,1191,0.0,0.0,0,1
1430603,2040,0.0,0.0,0,1
1437269,3394,0.0,0.0,0,1
1437269,474,0.0,0.0,0,1
1437269,1055,0.0,0.0,0,1
1437269,2461,0.0,0.0,0,1
1437269,2115,0.0,0.0,0,1
1437269,1864,0.0,0.0,0,1
1437269,1518,0.0,0.0,0,1
1437269,1207,0.0,0.0,0,1
1437269,2760,0.0,0.0,0,1
1445262,2679,0.0,2.0,0,1
1445262,1258,0.0,2.0,0,1
1445262,850,0.0,0.0,0,1
1445262,805,0.0,1.0,0,1
1445262,497,0.0,0.0,0,1
1445262,188,0.0,1.0,0,1
1445262,185,0.0,0.0,0,1
1445262,974,1.0,-1.0,0,0
1445262,973,0.0,0.0,0,1
1445262,1935,0.0,0.0,0,1
1450441,3090,1.0,-1.0,1,0
1450441,3202,1.0,-1.0,1,0
1450441,3588,1.0,-3.0,1,0
1450441,1191,1.0,-1.0,1,0
1450441,1225,0.0,0.0,1,1
1450441,2042,1.0,-1.0,1,0
1450441,2689,0.0,0.0,1,1
1450441,3730,1.0,-1.0,1,0
1450441,3685,1.0,-1.0,1,0
1450441,3684,1.0,-1.0,1,0
1467956,543,0.0,0.0,0,1
1467956,746,0.0,0.0,0,1
1467956,1772,0.0,0.0,0,1
1467956,130,0.0,0.0,0,1
1467956,352,0.0,0.0,0,1
1467956,1777,0.0,0.0,0,1
1467956,3,0.0,0.0,0,1
1467956,526,0.0,0.0,0,1
1471111,1619,0.0,0.0,0,1
1471111,155,0.0,0.0,0,1
1471111,1316,0.0,0.0,0,1
1471111,765,0.0,0.0,0,1
1471111,743,0.0,0.0,0,1
1471111,727,0.0,0.0,0,1
1471111,271,0.0,1.0,0,1
1471111,1501,0.0,0.0,0,1
1498304,2758,0.0,0.0,0,1
1498304,3134,0.0,0.0,0,1
1498304,2919,0.0,0.0,0,1
1498304,2681,0.0,0.0,0,1
1498304,1419,0.0,0.0,0,1
1498304,1444,0.0,0.0,0,1
1498304,549,0.0,0.0,0,1
1498304,1291,0.0,0.0,0,1
1498304,1941,0.0,0.0,0,1
1498304,1260,0.0,0.0,0,1
1502668,3577,0.0,0.0,0,1
1502668,3575,1.0,-3.0,0,0
1502668,3570,0.0,0.0,0,1
1502668,3554,0.0,0.0,0,1
1502668,3553,1.0,-3.0,0,0
1502668,3031,1.0,-1.0,0,0
1502668,2123,1.0,-2.0,0,0
1502668,779,0.0,0.0,0,1
1502668,545,0.0,0.0,0,1
1511787,1065,0.0,0.0,0,1
1511787,2135,0.0,0.0,0,1
1511787,2381,0.0,0.0,0,1
1511787,344,0.0,0.0,0,1
1511787,25,0.0,0.0,0,1
1511787,1041,0.0,0.0,0,1
1511787,893,0.0,1.0,0,1
1511787,822,0.0,0.0,0,1
1511787,655,0.0,0.0,0,1
1511787,1213,0.0,0.0,0,1
1511787,337,0.0,0.0,0,1
1511787,1268,0.0,0.0,0,1
1511787,70,0.0,0.0,0,1
1511787,90,0.0,0.0,0,1
1511787,100,0.0,0.0,0,1
1511787,207,0.0,0.0,0,1
1511787,220,0.0,1.0,0,1
1511787,310,0.0,1.0,0,1
1512122,1038,0.0,0.0,0,1
1512122,118,0.0,0.0,0,1
1512122,2218,0.0,1.0,0,1
1512122,2311,0.0,1.0,0,1
1512122,2738,0.0,3.0,0,1
1512122,2215,0.0,0.0,0,1
1512122,1929,0.0,0.0,0,1
1512122,1649,0.0,0.0,0,1
1512122,1627,0.0,0.0,0,1
1512122,1404,0.0,0.0,0,1
1512122,2840,0.0,0.0,0,1
1512122,3151,0.0,2.0,0,1
1512122,119,0.0,0.0,0,1
1512122,3329,0.0,0.0,0,1
1512122,957,0.0,0.0,0,1
1512122,1310,0.0,0.0,0,1
1512122,123,0.0,0.0,0,1
1512122,322,0.0,0.0,0,1
1512122,1364,0.0,0.0,0,1
1514095,2026,0.0,0.0,0,1
1514095,1837,0.0,0.0,0,1
1514095,1836,1.0,-1.0,0,0
1514095,1720,0.0,0.0,0,1
1514095,915,1.0,-2.0,0,0
1514095,1650,0.0,0.0,0,1
1514095,1400,0.0,0.0,0,1
1514095,641,0.0,0.0,0,1
1514095,972,0.0,0.0,0,1
1514095,562,1.0,-1.0,0,0
1514095,1270,0.0,0.0,0,1
1514095,929,0.0,0.0,0,1
1514095,1688,0.0,0.0,0,1
1514095,787,0.0,0.0,0,1
1514095,1606,0.0,0.0,0,1
1514095,984,0.0,0.0,0,1
1514095,1019,1.0,-1.0,0,0
1524672,977,0.0,0.0,0,1
1524672,10,0.0,0.0,0,1
1524672,970,0.0,0.0,0,1
1524672,1987,0.0,0.0,0,1
1524672,1656,0.0,0.0,0,1
1524672,1599,0.0,0.0,0,1
1524672,402,0.0,0.0,0,1
1524672,2195,0.0,0.0,0,1
1524672,647,0.0,0.0,0,1
1524672,2805,0.0,0.0,0,1
1524672,2214,0.0,0.0,0,1
1524672,674,0.0,0.0,0,1
1524672,1376,0.0,0.0,0,1
1524672,1094,0.0,0.0,0,1
1524672,221,0.0,0.0,0,1
1524672,904,0.0,0.0,0,1
1524672,954,0.0,0.0,0,1
1524672,569,0.0,0.0,0,1
1524672,46,0.0,0.0,0,1
1524672,1795,0.0,0.0,0,1
1571456,375,0.0,1.0,0,1
1571456,214,0.0,0.0,0,1
1571456,200,0.0,0.0,0,1
1571456,1847,1.0,-1.0,0,0
1571456,435,1.0,-1.0,0,0
1571456,442,0.0,0.0,0,1
1571456,566,1.0,-1.0,0,0
1571456,996,1.0,-1.0,0,0
1571456,1501,0.0,0.0,0,1
1602567,740,0.0,0.0,0,1
1602567,904,0.0,0.0,0,1
1602567,910,0.0,0.0,0,1
1602567,2681,0.0,0.0,0,1
1602567,2804,0.0,0.0,0,1
1602567,1211,0.0,0.0,0,1
1602567,739,0.0,1.0,0,1
1602567,1286,0.0,0.0,0,1
1602567,1295,0.0,0.0,0,1
1602567,2919,0.0,0.0,0,1
1602567,931,0.0,0.0,0,1
1602567,668,0.0,0.0,0,1
1602567,2501,0.0,0.0,0,1
1602567,89,0.0,0.0,0,1
1602567,128,0.0,0.0,0,1
1602567,212,0.0,0.0,0,1
1602567,493,0.0,0.0,0,1
1602567,116,0.0,0.0,0,1
1602567,597,0.0,0.0,0,1
1602567,1383,0.0,0.0,0,1
1607151,1212,0.0,0.0,0,1
1607151,1276,0.0,0.0,0,1
1607151,1376,0.0,1.0,0,1
1607151,1599,0.0,2.0,0,1
1607151,352,0.0,1.0,0,1
1607151,807,0.0,1.0,0,1
1607151,634,0.0,0.0,0,1
1607151,923,0.0,0.0,0,1
1607151,1647,0.0,0.0,0,1
1607151,1827,0.0,0.0,0,1
1607151,1936,0.0,0.0,0,1
1607151,1989,0.0,0.0,0,1
1607151,2007,0.0,0.0,0,1
1607151,2216,0.0,0.0,0,1
1607151,2846,0.0,0.0,0,1
1607151,3383,0.0,0.0,0,1
1607151,785,0.0,1.0,0,1
1607151,748,0.0,0.0,0,1
1607151,1112,0.0,0.0,0,1
1613088,2827,0.0,1.0,0,1
1613088,3729,0.0,3.0,0,1
1613088,1039,0.0,0.0,0,1
1613088,849,0.0,0.0,0,1
1613088,1332,0.0,0.0,0,1
1613088,1413,0.0,1.0,0,1
1613088,15,0.0,0.0,0,1
1613088,26,0.0,0.0,0,1
1613088,2205,0.0,1.0,0,1
1614861,81,0.0,0.0,0,1
1614861,140,0.0,0.0,0,1
1614861,322,0.0,0.0,0,1
1614861,1423,0.0,0.0,0,1
1614861,1736,0.0,0.0,0,1
1614861,1956,0.0,0.0,0,1
1614861,1737,0.0,0.0,0,1
1614861,1827,0.0,0.0,0,1
1614861,2238,0.0,0.0,0,1
1619034,1311,0.0,2.0,0,1
1619034,1676,0.0,1.0,0,1
1619034,378,0.0,2.0,0,1
1619034,548,0.0,1.0,0,1
1619034,302,0.0,1.0,0,1
1619034,292,0.0,0.0,0,1
1619034,276,0.0,0.0,0,1
1619034,7,0.0,1.0,0,1
1619034,303,0.0,0.0,0,1
1626365,1789,0.0,1.0,0,1
1626365,1282,0.0,1.0,0,1
1626365,1281,0.0,0.0,0,1
1626365,2218,0.0,0.0,0,1
1626365,1228,0.0,0.0,0,1
1626365,2486,0.0,0.0,0,1
1626365,1213,0.0,1.0,0,1
1626365,1198,0.0,0.0,0,1
1626365,1025,0.0,0.0,0,1
1626365,745,0.0,0.0,0,1
1626365,1792,0.0,1.0,0,1
1626365,2307,0.0,1.0,0,1
1626365,676,0.0,0.0,0,1
1626365,672,0.0,1.0,0,1
1626365,600,0.0,0.0,0,1
1626365,508,0.0,1.0,0,1
1626365,346,0.0,0.0,0,1
1626365,177,0.0,0.0,0,1
1626365,28,0.0,0.0,0,1
1648870,37,0.0,0.0,0,1
1648870,885,0.0,0.0,0,1
1648870,873,0.0,0.0,0,1
1648870,523,0.0,0.0,0,1
1648870,368,0.0,0.0,0,1
1648870,896,0.0,0.0,0,1
1648870,1241,0.0,0.0,0,1
1648870,1298,0.0,0.0,0,1
1648870,1533,0.0,0.0,0,1
1648870,1593,0.0,0.0,0,1
1648870,1604,0.0,0.0,0,1
1648870,2213,0.0,0.0,0,1
1648870,77,0.0,2.0,0,1
1648870,281,0.0,0.0,0,1
1648870,7,0.0,0.0,0,1
1648870,4,0.0,0.0,0,1
1681351,3336,0.0,0.0,0,1
1681351,2113,0.0,1.0,0,1
1681351,1834,1.0,-1.0,0,0
1681351,1712,0.0,0.0,0,1
1681351,1383,0.0,0.0,0,1
1681351,820,0.0,0.0,0,1
1681351,1551,0.0,0.0,0,1
1681351,296,0.0,0.0,0,1
1681351,593,0.0,0.0,0,1
1688728,67,0.0,0.0,0,1
1688728,2389,0.0,0.0,0,1
1688728,2019,0.0,1.0,0,1
1688728,1928,1.0,-1.0,0,0
1688728,1845,0.0,0.0,0,1
1688728,74,0.0,0.0,0,1
1688728,1501,0.0,0.0,0,1
1688728,566,1.0,-1.0,0,0
1688728,204,1.0,-2.0,0,0
1688728,536,0.0,0.0,0,1
1691773,2154,0.0,0.0,0,1
1691773,729,0.0,1.0,0,1
1691773,851,0.0,0.0,0,1
1691773,1610,0.0,0.0,0,1
1691773,1714,0.0,1.0,0,1
1691773,478,0.0,0.0,0,1
1691773,164,0.0,0.0,0,1
1691773,465,0.0,0.0,0,1
1691773,61,0.0,0.0,0,1
1691773,2808,0.0,0.0,0,1
1695416,2452,0.0,2.0,0,1
1695416,3329,0.0,1.0,0,1
1695416,3151,0.0,0.0,0,1
1695416,2840,0.0,0.0,0,1
1695416,2311,0.0,1.0,0,1
1695416,1121,0.0,0.0,0,1
1695416,1364,0.0,0.0,0,1
1695416,1627,0.0,0.0,0,1
1710587,733,1.0,-2.0,0,0
1710587,1489,1.0,-1.0,0,0
1710587,1345,0.0,0.0,0,1
1710587,2408,1.0,-1.0,0,0
1710587,1950,0.0,0.0,0,1
1710587,240,0.0,0.0,0,1
1710587,257,1.0,-1.0,0,0
1710587,213,0.0,0.0,0,1
1710587,628,0.0,0.0,0,1
1710587,1516,0.0,0.0,0,1
1710587,39,0.0,0.0,0,1
1710587,609,0.0,0.0,0,1
1710587,580,0.0,0.0,0,1
1710587,1333,0.0,0.0,0,1
1710587,540,0.0,0.0,0,1
1710587,487,0.0,0.0,0,1
1710587,437,0.0,0.0,0,1
1710587,354,0.0,0.0,0,1
1710587,260,0.0,0.0,0,1
1710587,1298,1.0,-1.0,0,0
1727501,2437,0.0,1.0,0,1
1727501,151,0.0,0.0,0,1
1727501,401,0.0,0.0,0,1
1727501,949,0.0,0.0,0,1
1727501,979,0.0,0.0,0,1
1727501,1004,0.0,0.0,0,1
1727501,1005,0.0,0.0,0,1
1727501,2206,0.0,0.0,0,1
1727501,1611,0.0,0.0,0,1
1739728,1920,0.0,0.0,0,1
1739728,1928,1.0,-1.0,0,0
1739728,2057,1.0,-1.0,0,0
1739728,1815,0.0,0.0,0,1
1739728,1180,0.0,0.0,0,1
1739728,307,0.0,0.0,0,1
1739728,552,0.0,0.0,0,1
1739728,651,0.0,0.0,0,1
1739728,849,0.0,0.0,0,1
1746212,493,0.0,0.0,0,1
1746212,310,0.0,2.0,0,1
1746212,549,0.0,0.0,0,1
1746212,2919,0.0,0.0,0,1
1746212,1622,0.0,0.0,0,1
1746212,2871,0.0,0.0,0,1
1746212,1945,0.0,0.0,0,1
1746212,3134,0.0,0.0,0,1
1746212,2976,0.0,0.0,0,1
1766005,121,0.0,2.0,0,1
1766005,1213,0.0,1.0,0,1
1766005,6,0.0,3.0,0,1
1766005,1924,0.0,1.0,0,1
1766005,958,0.0,0.0,0,1
1766005,1075,0.0,3.0,0,1
1766005,1150,0.0,0.0,0,1
1766005,1187,0.0,1.0,0,1
1766005,64,0.0,0.0,0,1
1766005,36,0.0,0.0,0,1
1766005,748,0.0,0.0,0,1
1766005,473,0.0,2.0,0,1
1766005,1616,0.0,0.0,0,1
1766005,392,0.0,0.0,0,1
1766005,132,0.0,1.0,0,1
1766005,88,0.0,0.0,0,1
1766005,139,0.0,0.0,0,1
1766005,451,0.0,2.0,0,1
1797312,91,0.0,0.0,0,1
1797312,284,0.0,0.0,0,1
1797312,295,0.0,0.0,0,1
1797312,527,0.0,0.0,0,1
1797312,902,0.0,0.0,0,1
1797312,3797,0.0,0.0,0,1
1797312,1041,0.0,0.0,0,1
1797312,3174,0.0,0.0,0,1
1797312,2806,0.0,0.0,0,1
1797312,1056,0.0,0.0,0,1
1797312,2546,0.0,0.0,0,1
1797312,1391,0.0,1.0,0,1
1797312,1443,0.0,0.0,0,1
1797312,1561,0.0,0.0,0,1
1797312,1944,0.0,0.0,0,1
1797312,1961,0.0,1.0,0,1
1797312,2172,0.0,0.0,0,1
1797312,1072,0.0,2.0,0,1
1818201,425,0.0,0.0,0,1
1818201,424,0.0,0.0,0,1
1818201,714,0.0,0.0,0,1
1818201,174,0.0,0.0,0,1
1818201,190,0.0,0.0,0,1
1818201,1699,0.0,0.0,0,1
1818201,1052,0.0,0.0,0,1
1818201,974,0.0,0.0,0,1
1818201,305,0.0,0.0,0,1
1818201,154,0.0,0.0,0,1
1818757,3450,0.0,0.0,0,1
1818757,2506,0.0,0.0,0,1
1818757,2574,0.0,0.0,0,1
1818757,1998,0.0,0.0,0,1
1818757,1869,0.0,0.0,0,1
1818757,408,0.0,0.0,0,1
1818757,560,0.0,0.0,0,1
1818757,659,0.0,0.0,0,1
1818757,622,0.0,0.0,0,1
1822867,356,0.0,0.0,0,1
1822867,746,0.0,0.0,0,1
1822867,1281,0.0,0.0,0,1
1822867,1343,0.0,0.0,0,1
1822867,1591,0.0,0.0,0,1
1822867,1646,0.0,0.0,0,1
1822867,1653,0.0,0.0,0,1
1822867,1968,0.0,0.0,0,1
1822867,881,0.0,0.0,0,1
1822867,2315,1.0,-1.0,0,0
1822867,2447,0.0,0.0,0,1
1822867,2589,0.0,0.0,0,1
1822867,2590,0.0,2.0,0,1
1822867,2980,0.0,0.0,0,1
1822867,3333,0.0,2.0,0,1
1822867,3334,0.0,2.0,0,1
1822867,3761,0.0,0.0,0,1
1822867,3762,0.0,2.0,0,1
1822867,1996,1.0,-1.0,0,0
1842885,356,1.0,-1.0,0,0
1842885,475,0.0,0.0,0,1
1842885,1067,0.0,0.0,0,1
1842885,1258,0.0,0.0,0,1
1842885,2446,0.0,0.0,0,1
1842885,2072,0.0,0.0,0,1
1842885,3219,0.0,0.0,0,1
1842885,3596,0.0,0.0,0,1
1842885,1478,0.0,0.0,0,1
1870012,451,1.0,-1.0,0,0
1870012,62,0.0,0.0,0,1
1870012,352,0.0,0.0,0,1
1870012,372,0.0,0.0,0,1
1870012,391,0.0,0.0,0,1
1870012,748,0.0,0.0,0,1
1870012,130,0.0,0.0,0,1
1870012,902,0.0,0.0,0,1
1870012,853,0.0,0.0,0,1
1870012,1841,0.0,0.0,0,1
1870012,1773,0.0,0.0,0,1
1870012,1771,0.0,0.0,0,1
1870012,1633,0.0,0.0,0,1
1870012,2306,0.0,0.0,0,1
1870012,1769,0.0,0.0,0,1
1870012,958,0.0,0.0,0,1
1870012,1067,0.0,0.0,0,1
1870012,1217,0.0,0.0,0,1
1870012,1631,0.0,0.0,0,1
1880686,359,0.0,0.0,0,1
1880686,555,0.0,0.0,0,1
1880686,685,0.0,0.0,0,1
1880686,1159,0.0,0.0,0,1
1880686,1506,0.0,0.0,0,1
1880686,2611,0.0,0.0,0,1
1880686,2855,0.0,0.0,0,1
1880686,3380,0.0,0.0,0,1
1880686,1552,0.0,0.0,0,1
1885751,14,0.0,0.0,0,1
1885751,197,0.0,0.0,0,1
1885751,420,0.0,0.0,0,1
1885751,460,0.0,0.0,0,1
1885751,688,0.0,1.0,0,1
1885751,1296,0.0,0.0,0,1
1885751,3,0.0,0.0,0,1
1885751,102,0.0,0.0,0,1
1885751,157,0.0,0.0,0,1
1885751,65,0.0,0.0,0,1
1886077,2365,0.0,0.0,0,1
1886077,1629,0.0,0.0,0,1
1886077,1108,0.0,0.0,0,1
1886077,1086,0.0,0.0,0,1
1886077,744,0.0,0.0,0,1
1886077,236,0.0,0.0,0,1
1886077,2717,0.0,0.0,0,1
1886077,743,0.0,0.0,0,1
1886077,44,1.0,-1.0,0,0
1886077,2958,0.0,0.0,0,1
1893214,1313,0.0,0.0,0,1
1893214,844,0.0,0.0,0,1
1893214,1360,0.0,0.0,0,1
1893214,1889,0.0,0.0,0,1
1893214,2455,0.0,0.0,0,1
1893214,3106,0.0,0.0,0,1
1893214,3107,0.0,1.0,0,1
1893214,3148,0.0,0.0,0,1
1893214,3214,0.0,0.0,0,1
1893214,3281,0.0,0.0,0,1
1904322,129,0.0,0.0,0,1
1904322,3727,0.0,0.0,0,1
1904322,825,0.0,1.0,0,1
1904322,1054,0.0,0.0,0,1
1904322,1220,0.0,0.0,0,1
1904322,166,0.0,0.0,0,1
1904322,1879,0.0,2.0,0,1
1904322,2168,0.0,0.0,0,1
1904322,3243,0.0,0.0,0,1
1904322,1652,0.0,2.0,0,1
1915850,2683,0.0,0.0,0,1
1915850,1098,0.0,0.0,0,1
1915850,1049,0.0,0.0,0,1
1915850,1395,0.0,1.0,0,1
1915850,1493,0.0,0.0,0,1
1915850,1705,0.0,0.0,0,1
1915850,2346,0.0,0.0,0,1
1915850,1048,0.0,0.0,0,1
1915850,595,0.0,0.0,0,1
1915850,908,0.0,0.0,0,1
1915850,839,0.0,0.0,0,1
1915850,688,0.0,0.0,0,1
1915850,47,0.0,0.0,0,1
1915850,423,0.0,0.0,0,1
1915850,398,0.0,0.0,0,1
1915850,220,0.0,1.0,0,1
1915850,179,0.0,0.0,0,1
1915850,1014,0.0,1.0,0,1
1915850,10,0.0,0.0,0,1
1915850,69,0.0,0.0,0,1
1929392,628,0.0,2.0,0,1
1929392,213,0.0,1.0,0,1
1929392,240,0.0,1.0,0,1
1929392,257,0.0,2.0,0,1
1929392,329,0.0,0.0,0,1
1929392,368,0.0,0.0,0,1
1929392,389,0.0,3.0,0,1
1929392,557,0.0,1.0,0,1
1929392,559,0.0,2.0,0,1
1929392,39,0.0,3.0,0,1
1929392,572,0.0,0.0,0,1
1929392,609,0.0,0.0,0,1
1929392,639,0.0,1.0,0,1
1929392,746,0.0,1.0,0,1
1929392,1215,0.0,0.0,0,1
1929392,1263,0.0,3.0,0,1
1929392,1516,0.0,3.0,0,1
1929392,2753,0.0,2.0,0,1
1929392,594,0.0,1.0,0,1
1929392,12,0.0,2.0,0,1
1951021,69,0.0,0.0,0,1
1951021,6,0.0,2.0,0,1
1951021,150,0.0,3.0,0,1
1951021,197,0.0,1.0,0,1
1951021,146,0.0,0.0,0,1
1951021,1041,0.0,2.0,0,1
1951021,139,0.0,0.0,0,1
1951021,110,0.0,1.0,0,1
1951021,303,0.0,1.0,0,1
1951021,73,0.0,2.0,0,1
1958817,189,1.0,-3.0,0,0
1958817,336,0.0,0.0,0,1
1958817,153,0.0,0.0,0,1
1958817,102,0.0,0.0,0,1
1958817,88,0.0,0.0,0,1
1958817,76,0.0,0.0,0,1
1958817,63,0.0,0.0,0,1
1958817,438,0.0,0.0,0,1
1958817,9,0.0,0.0,0,1
1958817,109,0.0,0.0,0,1
2019031,1950,0.0,0.0,0,1
2019031,2134,0.0,0.0,0,1
2019031,2132,0.0,0.0,0,1
2019031,1516,0.0,0.0,0,1
2019031,4,0.0,0.0,0,1
2019031,1350,0.0,2.0,0,1
2019031,1343,0.0,0.0,0,1
2019031,1133,0.0,0.0,0,1
2019031,73,0.0,0.0,0,1
2019031,939,0.0,0.0,0,1
2019031,155,1.0,-1.0,0,0
2019031,278,1.0,-1.0,0,0
2019031,903,0.0,0.0,0,1
2019031,487,1.0,-1.0,0,0
2019031,548,0.0,1.0,0,1
2019031,594,0.0,0.0,0,1
2019031,1379,0.0,0.0,0,1
2019031,609,0.0,0.0,0,1
2019031,757,0.0,0.0,0,1
2127009,196,0.0,0.0,0,1
2127009,424,0.0,0.0,0,1
2127009,1400,0.0,1.0,0,1
2127009,165,0.0,0.0,0,1
2127009,357,1.0,-2.0,0,0
2127009,14,0.0,1.0,0,1
2127009,303,0.0,0.0,0,1
2127009,146,0.0,0.0,0,1
2127009,200,0.0,0.0,0,1
2127009,101,0.0,2.0,0,1
2128377,115,0.0,0.0,0,1
2128377,2682,0.0,0.0,0,1
2128377,119,0.0,0.0,0,1
2128377,245,0.0,0.0,0,1
2128377,247,0.0,0.0,0,1
2128377,135,0.0,0.0,0,1
2128377,3469,0.0,0.0,0,1
2128377,2686,0.0,0.0,0,1
2128377,906,0.0,0.0,0,1
2128377,2601,0.0,0.0,0,1
2128377,1378,0.0,0.0,0,1
2128377,1311,0.0,0.0,0,1
2128377,306,0.0,0.0,0,1
2128377,474,0.0,0.0,0,1
2128377,1150,0.0,0.0,0,1
2128377,481,0.0,0.0,0,1
2128377,1068,0.0,0.0,0,1
2128377,1126,0.0,0.0,0,1
2128377,1095,0.0,0.0,0,1
2154637,1311,0.0,0.0,0,1
2154637,1323,0.0,0.0,0,1
2154637,1533,0.0,0.0,0,1
2154637,1887,0.0,0.0,0,1
2154637,2658,0.0,1.0,0,1
2154637,2142,0.0,0.0,0,1
2154637,842,0.0,0.0,0,1
2154637,2159,0.0,0.0,0,1
2154637,2668,0.0,0.0,0,1
2154637,1892,0.0,1.0,0,1
2154637,663,0.0,2.0,0,1
2154637,2204,0.0,0.0,0,1
2154637,342,0.0,1.0,0,1
2154637,2533,0.0,0.0,0,1
2154637,10,0.0,0.0,0,1
2154637,13,0.0,0.0,0,1
2154637,26,0.0,0.0,0,1
2154637,36,0.0,0.0,0,1
2154637,109,0.0,0.0,0,1
2169884,243,0.0,0.0,0,1
2169884,75,0.0,0.0,0,1
2169884,428,0.0,0.0,0,1
2169884,315,0.0,1.0,0,1
2169884,449,0.0,0.0,0,1
2169884,612,0.0,0.0,0,1
2169884,1869,0.0,0.0,0,1
2169884,351,0.0,1.0,0,1
2169884,329,0.0,0.0,0,1
2178019,555,0.0,0.0,0,1
2178019,645,0.0,0.0,0,1
2178019,769,0.0,0.0,0,1
2178019,1361,0.0,0.0,0,1
2178019,1762,0.0,0.0,0,1
2178019,1783,0.0,0.0,0,1
2178019,2185,0.0,0.0,0,1
2178019,2544,0.0,0.0,0,1
2178019,3140,0.0,0.0,0,1
2178019,3586,0.0,0.0,0,1
2199800,172,0.0,0.0,0,1
2199800,1026,0.0,0.0,0,1
2199800,1159,0.0,3.0,0,1
2199800,1309,0.0,0.0,0,1
2199800,346,0.0,0.0,0,1
2199800,316,0.0,1.0,0,1
2199800,311,0.0,0.0,0,1
2199800,372,0.0,2.0,0,1
2199800,359,0.0,0.0,0,1
2199800,217,0.0,0.0,0,1
2200466,275,0.0,0.0,0,1
2200466,1038,0.0,0.0,0,1
2200466,1066,0.0,0.0,0,1
2200466,1268,0.0,0.0,0,1
2200466,364,0.0,0.0,0,1
2200466,567,0.0,0.0,0,1
2200466,866,0.0,0.0,0,1
2200466,832,0.0,0.0,0,1
2200466,981,0.0,0.0,0,1
2200466,904,0.0,0.0,0,1
2200466,1533,1.0,-1.0,0,0
2200466,2917,0.0,0.0,0,1
2200466,2055,0.0,0.0,0,1
2200466,2011,0.0,0.0,0,1
2200466,1571,0.0,0.0,0,1
2200466,1646,0.0,0.0,0,1
2200466,1843,1.0,-1.0,0,0
2200466,1839,0.0,0.0,0,1
2200466,1656,0.0,0.0,0,1
2200466,1423,0.0,0.0,0,1
2204998,1628,0.0,1.0,0,1
2204998,1611,0.0,0.0,0,1
2204998,336,0.0,0.0,0,1
2204998,1237,0.0,2.0,0,1
2204998,145,0.0,0.0,0,1
2204998,1138,0.0,1.0,0,1
2204998,902,0.0,0.0,0,1
2204998,640,0.0,0.0,0,1
2204998,375,0.0,2.0,0,1
2204998,365,0.0,0.0,0,1
2205553,2073,1.0,-1.0,0,0
2205553,167,0.0,0.0,0,1
2205553,287,0.0,0.0,0,1
2205553,626,0.0,0.0,0,1
2205553,745,0.0,0.0,0,1
2205553,2071,0.0,0.0,0,1
2205553,2860,0.0,0.0,0,1
2205553,2070,0.0,0.0,0,1
2279790,2439,0.0,1.0,0,1
2279790,1607,0.0,0.0,0,1
2279790,1262,0.0,0.0,0,1
2279790,953,0.0,0.0,0,1
2279790,11,0.0,0.0,0,1
2279790,62,0.0,0.0,0,1
2279790,952,0.0,0.0,0,1
2279790,401,0.0,0.0,0,1
2279790,305,0.0,0.0,0,1
2279790,269,0.0,0.0,0,1
2282897,206,0.0,0.0,0,1
2282897,270,0.0,0.0,0,1
2282897,246,0.0,0.0,0,1
2282897,232,0.0,0.0,0,1
2282897,68,0.0,0.0,0,1
2282897,328,0.0,0.0,0,1
2282897,421,0.0,0.0,0,1
2282897,195,0.0,0.0,0,1
2282897,132,0.0,0.0,0,1
2314562,692,0.0,0.0,0,1
2314562,706,0.0,0.0,0,1
2314562,2373,0.0,0.0,0,1
2314562,2705,1.0,-1.0,0,0
2314562,2787,0.0,0.0,0,1
2314562,3689,0.0,0.0,0,1
2314562,3373,0.0,0.0,0,1
2314562,4038,1.0,-1.0,0,0
2314562,3709,0.0,0.0,0,1
2314562,1554,0.0,0.0,0,1
2317983,2507,0.0,0.0,0,1
2317983,2506,0.0,0.0,0,1
2317983,1856,0.0,0.0,0,1
2317983,1312,0.0,0.0,0,1
2317983,1857,0.0,0.0,0,1
2317983,2446,0.0,0.0,0,1
2317983,2575,0.0,0.0,0,1
2317983,774,0.0,0.0,0,1
2317983,666,0.0,0.0,0,1
2333292,2959,0.0,0.0,0,1
2333292,2167,0.0,0.0,0,1
2333292,384,0.0,0.0,0,1
2333292,567,0.0,0.0,0,1
2333292,661,0.0,0.0,0,1
2333292,1058,0.0,0.0,0,1
2333292,1617,0.0,0.0,0,1
2333292,1681,0.0,0.0,0,1
2333292,1735,0.0,0.0,0,1
2333292,1012,0.0,0.0,0,1
2336156,1683,0.0,0.0,0,1
2336156,1691,0.0,0.0,0,1
2336156,2052,0.0,0.0,0,1
2336156,1638,0.0,2.0,0,1
2336156,30,0.0,0.0,0,1
2336156,1253,0.0,1.0,0,1
2336156,1183,0.0,0.0,0,1
2336156,780,0.0,0.0,0,1
2336156,746,0.0,0.0,0,1
2336156,703,0.0,0.0,0,1
2336156,471,0.0,0.0,0,1
2336156,25,0.0,0.0,0,1
2336156,1259,0.0,0.0,0,1
2336156,2120,0.0,0.0,0,1
2336156,2248,0.0,0.0,0,1
2336156,2294,0.0,0.0,0,1
2336156,2631,0.0,0.0,0,1
2336156,2849,0.0,0.0,0,1
2336156,2212,0.0,0.0,0,1
2337410,2453,1.0,-1.0,0,0
2337410,567,0.0,0.0,0,1
2337410,2066,0.0,0.0,0,1
2337410,2682,0.0,0.0,0,1
2337410,2939,0.0,0.0,0,1
2337410,1867,0.0,1.0,0,1
2337410,539,0.0,0.0,0,1
2337410,186,0.0,0.0,0,1
2337410,1862,0.0,0.0,0,1
2337410,718,0.0,0.0,0,1
2337738,3111,0.0,0.0,0,1
2337738,1566,0.0,0.0,0,1
2337738,1545,0.0,0.0,0,1
2337738,886,0.0,0.0,0,1
2337738,284,0.0,0.0,0,1
2337738,3688,0.0,0.0,0,1
2337738,2985,0.0,0.0,0,1
2337738,1600,0.0,0.0,0,1
2339911,3450,0.0,0.0,0,1
2339911,2601,0.0,0.0,0,1
2339911,1505,0.0,0.0,0,1
2339911,1174,1.0,-1.0,0,0
2339911,306,0.0,0.0,0,1
2339911,227,0.0,0.0,0,1
2339911,145,0.0,0.0,0,1
2339911,2686,0.0,0.0,0,1
2339911,2847,0.0,0.0,0,1
2344408,1936,0.0,0.0,0,1
2344408,287,0.0,0.0,0,1
2344408,760,0.0,0.0,0,1
2344408,544,0.0,0.0,0,1
2344408,1233,0.0,2.0,0,1
2344408,242,0.0,0.0,0,1
2344408,1053,0.0,0.0,0,1
2344408,953,0.0,0.0,0,1
2344408,904,0.0,0.0,0,1
2344408,2277,0.0,0.0,0,1
2344408,2373,0.0,0.0,0,1
2344408,312,0.0,0.0,0,1
2344408,857,0.0,0.0,0,1
2344408,2575,0.0,0.0,0,1
2344408,1603,0.0,0.0,0,1
2344408,1446,0.0,0.0,0,1
2344408,2787,0.0,0.0,0,1
2372659,966,0.0,0.0,0,1
2372659,232,0.0,0.0,0,1
2372659,1259,0.0,0.0,0,1
2372659,37,0.0,0.0,0,1
2372659,1278,0.0,0.0,0,1
2372659,1279,0.0,0.0,0,1
2372659,1566,0.0,0.0,0,1
2372659,1641,0.0,0.0,0,1
2372659,2575,0.0,0.0,0,1
2372659,2506,0.0,0.0,0,1
2372659,345,0.0,0.0,0,1
2372659,1658,0.0,0.0,0,1
2372659,2290,0.0,0.0,0,1
2372659,403,0.0,0.0,0,1
2372659,593,0.0,0.0,0,1
2372659,597,0.0,0.0,0,1
2372659,666,0.0,0.0,0,1
2372659,923,0.0,0.0,0,1
2372659,2509,0.0,0.0,0,1
2372659,2469,0.0,0.0,0,1
2382504,3112,0.0,0.0,0,1
2382504,621,0.0,0.0,0,1
2382504,1571,0.0,0.0,0,1
2382504,1617,0.0,0.0,0,1
2382504,317,0.0,0.0,0,1
2382504,1894,0.0,1.0,0,1
2382504,2307,0.0,1.0,0,1
2382504,69,0.0,0.0,0,1
2382504,2603,0.0,1.0,0,1
2382504,3472,0.0,2.0,0,1
2393060,170,0.0,0.0,0,1
2393060,2150,0.0,0.0,0,1
2393060,487,0.0,0.0,0,1
2393060,3451,0.0,0.0,0,1
2393060,2513,0.0,0.0,0,1
2393060,2408,0.0,2.0,0,1
2393060,290,0.0,0.0,0,1
2393060,1127,0.0,0.0,0,1
2393060,586,0.0,0.0,0,1
2393060,1864,0.0,0.0,0,1
2393813,349,0.0,0.0,0,1
2393813,154,0.0,0.0,0,1
2393813,1006,0.0,0.0,0,1
2393813,676,0.0,0.0,0,1
2393813,740,0.0,0.0,0,1
2393813,850,0.0,0.0,0,1
2393813,864,0.0,0.0,0,1
2393813,180,0.0,0.0,0,1
2393813,603,0.0,0.0,0,1
2393813,434,0.0,0.0,0,1
2393813,2131,0.0,0.0,0,1
2393813,1944,0.0,0.0,0,1
2393813,1824,0.0,0.0,0,1
2393813,1274,0.0,2.0,0,1
2393813,158,0.0,0.0,0,1
2393813,1636,0.0,0.0,0,1
2393813,1590,0.0,0.0,0,1
2393813,1635,0.0,0.0,0,1
2404372,170,0.0,0.0,0,1
2404372,171,0.0,0.0,0,1
2404372,216,0.0,0.0,0,1
2404372,486,0.0,0.0,0,1
2404372,166,0.0,0.0,0,1
2404372,75,0.0,0.0,0,1
2404372,168,0.0,0.0,0,1
2404372,167,0.0,0.0,0,1
2404372,1299,0.0,1.0,0,1
2434442,942,0.0,0.0,0,1
2434442,940,0.0,0.0,0,1
2434442,1972,0.0,0.0,0,1
2434442,1973,0.0,0.0,0,1
2434442,2984,0.0,0.0,0,1
2434442,1967,1.0,-1.0,0,0
2434442,1074,0.0,0.0,0,1
2434442,1281,0.0,0.0,0,1
2434442,220,0.0,0.0,0,1
2434442,1966,0.0,0.0,0,1
2434442,1971,0.0,0.0,0,1
2434442,943,0.0,0.0,0,1
2434442,1965,0.0,0.0,0,1
2434442,1964,0.0,0.0,0,1
2434442,1939,0.0,0.0,0,1
2434442,151,0.0,0.0,0,1
2434442,944,0.0,0.0,0,1
2434442,1970,0.0,0.0,0,1
2434442,3477,0.0,0.0,0,1
2492647,890,0.0,0.0,0,1
2492647,1694,0.0,0.0,0,1
2492647,996,0.0,0.0,0,1
2492647,562,0.0,0.0,0,1
2492647,516,0.0,0.0,0,1
2492647,61,0.0,0.0,0,1
2492647,378,0.0,0.0,0,1
2492647,978,0.0,0.0,0,1
2492647,127,0.0,0.0,0,1
2492647,1233,0.0,1.0,0,1
2492647,790,0.0,0.0,0,1
2492647,892,0.0,0.0,0,1
2492647,605,0.0,0.0,0,1
2492647,614,1.0,-1.0,0,0
2492647,953,0.0,0.0,0,1
2492647,893,0.0,0.0,0,1
2492647,33,0.0,0.0,0,1
2492647,467,0.0,0.0,0,1
2492647,1065,0.0,0.0,0,1
2499761,2441,0.0,1.0,0,1
2499761,2808,0.0,0.0,0,1
2499761,79,0.0,0.0,0,1
2499761,2210,0.0,0.0,0,1
2499761,1994,0.0,0.0,0,1
2499761,981,0.0,0.0,0,1
2499761,976,0.0,0.0,0,1
2499761,698,0.0,0.0,0,1
2499761,327,0.0,0.0,0,1
2509442,3345,0.0,0.0,0,1
2509442,2970,0.0,0.0,0,1
2509442,1771,0.0,0.0,0,1
2509442,2857,0.0,0.0,0,1
2509442,1936,0.0,0.0,0,1
2509442,2554,0.0,0.0,0,1
2509442,2446,0.0,0.0,0,1
2509442,2858,0.0,0.0,0,1
2509442,1215,0.0,0.0,0,1
2509442,2856,0.0,0.0,0,1
2509442,1075,0.0,0.0,0,1
2509442,1068,0.0,0.0,0,1
2509442,1061,0.0,0.0,0,1
2509442,869,0.0,1.0,0,1
2509442,775,0.0,0.0,0,1
2509442,607,0.0,0.0,0,1
2509442,1083,0.0,0.0,0,1
2509442,247,0.0,0.0,0,1
2509442,109,0.0,0.0,0,1
2513570,2072,0.0,1.0,0,1
2513570,1028,0.0,0.0,0,1
2513570,835,0.0,0.0,0,1
2513570,747,0.0,0.0,0,1
2513570,626,0.0,0.0,0,1
2513570,1267,0.0,0.0,0,1
2513570,1478,0.0,0.0,0,1
2513570,2071,0.0,0.0,0,1
2513570,1258,0.0,0.0,0,1
2513570,1821,0.0,0.0,0,1
2517349,3689,0.0,0.0,0,1
2517349,3138,0.0,0.0,0,1
2517349,2578,0.0,0.0,0,1
2517349,2500,0.0,0.0,0,1
2517349,2398,0.0,0.0,0,1
2517349,2185,0.0,0.0,0,1
2517349,1863,0.0,0.0,0,1
2517349,1552,0.0,0.0,0,1
2517349,555,0.0,0.0,0,1
2517349,645,0.0,0.0,0,1
2528768,158,0.0,0.0,0,1
2528768,1704,0.0,0.0,0,1
2528768,1436,0.0,0.0,0,1
2528768,1297,0.0,0.0,0,1
2528768,1224,0.0,0.0,0,1
2528768,151,0.0,0.0,0,1
2528768,168,0.0,0.0,0,1
2528768,1206,0.0,0.0,0,1
2528768,558,0.0,0.0,0,1
2530720,1262,0.0,1.0,0,1
2530720,1947,0.0,0.0,0,1
2530720,3051,1.0,-1.0,0,0
2530720,2307,0.0,0.0,0,1
2530720,1855,0.0,0.0,0,1
2530720,737,0.0,0.0,0,1
2530720,350,0.0,0.0,0,1
2530720,249,0.0,0.0,0,1
2530720,1056,0.0,0.0,0,1
2554704,1455,0.0,0.0,0,1
2554704,1622,0.0,1.0,0,1
2554704,984,0.0,0.0,0,1
2554704,820,0.0,0.0,0,1
2554704,1770,0.0,0.0,0,1
2554704,1120,0.0,0.0,0,1
2554704,1260,0.0,3.0,0,1
2554704,292,0.0,0.0,0,1
2554704,428,0.0,0.0,0,1
2554704,97,0.0,0.0,0,1
2554704,734,0.0,0.0,0,1
2554704,1375,0.0,2.0,0,1
2554704,2297,0.0,0.0,0,1
2554704,2661,0.0,0.0,0,1
2554704,3053,0.0,0.0,0,1
2554704,652,0.0,0.0,0,1
2554704,1688,0.0,0.0,0,1
2596359,1246,0.0,1.0,0,1
2596359,1218,0.0,1.0,0,1
2596359,987,0.0,0.0,0,1
2596359,958,0.0,0.0,0,1
2596359,902,0.0,0.0,0,1
2596359,957,0.0,0.0,0,1
2596359,1551,0.0,0.0,0,1
2596359,748,0.0,0.0,0,1
2596359,746,0.0,0.0,0,1
2596359,651,0.0,0.0,0,1
2596359,543,0.0,0.0,0,1
2596359,201,0.0,0.0,0,1
2596359,117,0.0,0.0,0,1
2596359,1632,0.0,0.0,0,1
2596359,1779,0.0,0.0,0,1
2596359,2126,0.0,0.0,0,1
2596359,2215,0.0,0.0,0,1
2596359,1316,0.0,0.0,0,1
2600857,810,0.0,0.0,0,1
2600857,3816,0.0,3.0,0,1
2600857,731,0.0,0.0,0,1
2600857,722,0.0,0.0,0,1
2600857,1408,0.0,0.0,0,1
2600857,1889,0.0,0.0,0,1
2600857,1903,0.0,0.0,0,1
2600857,2458,0.0,0.0,0,1
2600857,3106,0.0,0.0,0,1
2600857,3281,0.0,0.0,0,1
2606162,2848,0.0,0.0,0,1
2606162,2365,0.0,0.0,0,1
2606162,1042,0.0,1.0,0,1
2606162,106,0.0,2.0,0,1
2606162,247,0.0,0.0,0,1
2606162,519,0.0,1.0,0,1
2606162,226,0.0,1.0,0,1
2606162,869,0.0,1.0,0,1
2606162,957,0.0,0.0,0,1
2606162,1589,0.0,1.0,0,1
2606162,2298,0.0,0.0,0,1
2606162,115,0.0,0.0,0,1
2606162,616,0.0,0.0,0,1
2606162,72,0.0,0.0,0,1
2606162,126,0.0,1.0,0,1
2606162,44,0.0,2.0,0,1
2606162,494,0.0,0.0,0,1
2606162,381,0.0,0.0,0,1
2606162,365,0.0,1.0,0,1
2608091,1771,0.0,0.0,0,1
2608091,2485,0.0,0.0,0,1
2608091,2533,0.0,0.0,0,1
2608091,2736,0.0,0.0,0,1
2608091,2963,0.0,0.0,0,1
2608091,607,0.0,0.0,0,1
2608091,430,0.0,0.0,0,1
2608091,775,0.0,0.0,0,1
2608091,2595,0.0,0.0,0,1
2608091,2997,0.0,0.0,0,1
2610242,2846,0.0,0.0,0,1
2610242,2845,0.0,0.0,0,1
2610242,1395,0.0,0.0,0,1
2610242,845,0.0,0.0,0,1
2610242,2363,0.0,0.0,0,1
2610242,2680,0.0,0.0,0,1
2610242,2843,0.0,0.0,0,1
2610242,2844,0.0,0.0,0,1
2610242,3474,0.0,0.0,0,1
2610242,393,0.0,0.0,0,1
2616381,498,0.0,0.0,0,1
2616381,1468,0.0,0.0,0,1
2616381,1374,0.0,0.0,0,1
2616381,1373,0.0,0.0,0,1
2616381,1352,0.0,0.0,0,1
2616381,401,0.0,0.0,0,1
2616381,327,0.0,0.0,0,1
2616381,270,0.0,0.0,0,1
2616381,2138,0.0,0.0,0,1
2616381,184,0.0,0.0,0,1
2616381,567,0.0,0.0,0,1
2616381,1348,0.0,0.0,0,1
2616381,1332,0.0,0.0,0,1
2616381,1271,0.0,0.0,0,1
2616381,852,0.0,0.0,0,1
2616381,673,0.0,0.0,0,1
2616381,644,0.0,0.0,0,1
2616381,589,0.0,0.0,0,1
2616381,64,0.0,0.0,0,1
2628839,194,0.0,0.0,0,1
2628839,365,0.0,0.0,0,1
2628839,1399,0.0,0.0,0,1
2628839,970,0.0,0.0,0,1
2628839,1210,0.0,0.0,0,1
2628839,132,0.0,0.0,0,1
2628839,450,0.0,0.0,0,1
2628839,2522,0.0,0.0,0,1
2628839,177,0.0,0.0,0,1
2637993,155,0.0,0.0,0,1
2637993,172,0.0,0.0,0,1
2637993,488,0.0,1.0,0,1
2637993,540,0.0,0.0,0,1
2637993,39,0.0,0.0,0,1
2637993,132,0.0,0.0,0,1
2637993,580,0.0,0.0,0,1
2637993,628,0.0,0.0,0,1
2637993,557,0.0,0.0,0,1
2637993,387,0.0,0.0,0,1
2637993,1344,0.0,0.0,0,1
2637993,383,0.0,0.0,0,1
2637993,313,0.0,0.0,0,1
2637993,270,0.0,0.0,0,1
2637993,260,0.0,0.0,0,1
2637993,213,0.0,0.0,0,1
2637993,805,0.0,1.0,0,1
2644049,59,0.0,0.0,0,1
2644049,306,1.0,-1.0,0,0
2644049,319,0.0,3.0,0,1
2644049,528,0.0,0.0,0,1
2644049,1001,1.0,-1.0,0,0
2644049,41,0.0,0.0,0,1
2644049,1418,0.0,0.0,0,1
2644049,1679,0.0,0.0,0,1
2644049,1946,0.0,0.0,0,1
2644049,1332,0.0,0.0,0,1
2655107,1802,0.0,0.0,0,1
2655107,2852,0.0,0.0,0,1
2655107,1616,0.0,0.0,0,1
2655107,2792,0.0,0.0,0,1
2655107,312,0.0,0.0,0,1
2655107,891,0.0,0.0,0,1
2655107,328,0.0,0.0,0,1
2655107,365,0.0,0.0,0,1
2655107,467,0.0,0.0,0,1
2655107,776,0.0,0.0,0,1
2655107,100,0.0,0.0,0,1
2655107,33,0.0,0.0,0,1
2655107,890,0.0,0.0,0,1
2655107,976,0.0,0.0,0,1
2655107,1044,0.0,0.0,0,1
2655107,1065,0.0,0.0,0,1
2655107,1610,0.0,0.0,0,1
2655107,1250,0.0,0.0,0,1
2655107,25,0.0,0.0,0,1
2655107,146,0.0,0.0,0,1
2691812,364,0.0,0.0,0,1
2691812,2066,0.0,0.0,0,1
2691812,1868,0.0,0.0,0,1
2691812,1843,0.0,0.0,0,1
2691812,1357,0.0,0.0,0,1
2691812,1238,0.0,0.0,0,1
2691812,186,0.0,0.0,0,1
2691812,832,0.0,0.0,0,1
2691812,2501,0.0,0.0,0,1
2691812,718,0.0,0.0,0,1
2702703,405,1.0,-3.0,1,0
2702703,327,1.0,-3.0,1,0
2702703,164,1.0,-3.0,1,0
2702703,2501,1.0,-2.0,1,0
2702703,1668,1.0,-3.0,1,0
2702703,1866,1.0,-3.0,1,0
2702703,3049,1.0,-2.0,1,0
2702703,2533,1.0,-3.0,1,0
2702703,567,1.0,-3.0,1,0
2727211,30,1.0,-1.0,0,0
2727211,2588,0.0,0.0,0,1
2727211,3342,0.0,2.0,0,1
2727211,89,0.0,0.0,0,1
2727211,916,0.0,0.0,0,1
2727211,958,0.0,0.0,0,1
2727211,820,0.0,0.0,0,1
2727211,569,0.0,0.0,0,1
2727211,1211,0.0,0.0,0,1
2727211,1760,0.0,0.0,0,1
2727211,2585,0.0,0.0,0,1
2727211,212,0.0,0.0,0,1
2727211,2447,1.0,-1.0,0,0
2727211,1891,0.0,0.0,0,1
2727211,119,0.0,0.0,0,1
2727211,3687,0.0,0.0,0,1
2727211,3396,0.0,0.0,0,1
2727211,3395,1.0,-1.0,0,0
2727211,2587,0.0,1.0,0,1
2727211,909,0.0,0.0,0,1
2768165,3031,0.0,0.0,0,1
2768165,790,0.0,0.0,0,1
2768165,933,0.0,0.0,0,1
2768165,1189,0.0,0.0,0,1
2768165,717,0.0,0.0,0,1
2768165,521,0.0,0.0,0,1
2768165,75,0.0,0.0,0,1
2768165,492,0.0,0.0,0,1
2768165,727,0.0,0.0,0,1
2798813,681,0.0,0.0,0,1
2798813,1215,0.0,0.0,0,1
2798813,1680,0.0,0.0,0,1
2798813,1314,0.0,0.0,0,1
2798813,446,0.0,0.0,0,1
2798813,2995,0.0,0.0,0,1
2798813,348,0.0,0.0,0,1
2798813,219,0.0,0.0,0,1
2798813,72,0.0,0.0,0,1
2798813,1798,0.0,0.0,0,1
2807850,1325,0.0,0.0,0,1
2807850,1956,0.0,0.0,0,1
2807850,79,0.0,0.0,0,1
2807850,168,0.0,0.0,0,1
2807850,377,0.0,0.0,0,1
2807850,410,0.0,0.0,0,1
2807850,675,0.0,0.0,0,1
2807850,967,0.0,0.0,0,1
2807850,1050,0.0,0.0,0,1
2807850,2808,0.0,0.0,0,1
2809532,2365,0.0,0.0,0,1
2809532,1284,0.0,0.0,0,1
2809532,1231,0.0,0.0,0,1
2809532,1214,0.0,0.0,0,1
2809532,1090,0.0,0.0,0,1
2809532,333,0.0,0.0,0,1
2809532,420,0.0,0.0,0,1
2809532,246,0.0,0.0,0,1
2809532,727,0.0,0.0,0,1
2822026,1357,0.0,0.0,0,1
2822026,186,0.0,0.0,0,1
2822026,57,0.0,0.0,0,1
2822026,475,0.0,0.0,0,1
2822026,478,0.0,0.0,0,1
2822026,2734,0.0,0.0,0,1
2822026,2522,0.0,0.0,0,1
2822026,1868,1.0,-1.0,0,0
2822026,718,0.0,0.0,0,1
2822026,613,0.0,0.0,0,1
2822748,222,0.0,0.0,0,1
2822748,232,0.0,0.0,0,1
2822748,343,0.0,1.0,0,1
2822748,487,0.0,1.0,0,1
2822748,88,0.0,0.0,0,1
2822748,13,0.0,0.0,0,1
2822748,6,0.0,2.0,0,1
2822748,203,0.0,1.0,0,1
2822748,1314,0.0,0.0,0,1
2823542,2972,1.0,-1.0,0,0
2823542,1508,0.0,0.0,0,1
2823542,2558,0.0,0.0,0,1
2823542,2266,0.0,0.0,0,1
2823542,1800,0.0,0.0,0,1
2823542,2275,0.0,0.0,0,1
2823542,2165,0.0,0.0,0,1
2823542,1936,0.0,0.0,0,1
2823542,1215,0.0,0.0,0,1
2823542,2184,0.0,0.0,0,1
2825604,38,0.0,1.0,0,1
2825604,13,0.0,0.0,0,1
2825604,43,0.0,0.0,0,1
2825604,2298,0.0,0.0,0,1
2825604,116,0.0,0.0,0,1
2825604,1571,0.0,0.0,0,1
2825604,1401,0.0,0.0,0,1
2825604,1633,0.0,0.0,0,1
2825604,983,0.0,0.0,0,1
2825604,115,0.0,0.0,0,1
2825604,873,0.0,0.0,0,1
2825604,1333,0.0,0.0,0,1
2825604,396,0.0,0.0,0,1
2825604,128,0.0,0.0,0,1
2825604,1150,1.0,-1.0,0,0
2825604,404,0.0,0.0,0,1
2825604,118,0.0,0.0,0,1
2825604,1247,0.0,0.0,0,1
2872735,1870,0.0,2.0,0,1
2872735,2502,0.0,0.0,0,1
2872735,349,0.0,0.0,0,1
2872735,579,0.0,0.0,0,1
2872735,2503,0.0,1.0,0,1
2872735,1137,0.0,1.0,0,1
2872735,1734,0.0,1.0,0,1
2872735,1823,0.0,0.0,0,1
2872735,1033,0.0,0.0,0,1
2873647,1239,0.0,0.0,0,1
2873647,1516,0.0,0.0,0,1
2873647,1279,0.0,0.0,0,1
2873647,1596,0.0,0.0,0,1
2873647,3,0.0,0.0,0,1
2873647,746,0.0,0.0,0,1
2873647,1185,0.0,0.0,0,1
2873647,68,0.0,0.0,0,1
2873647,888,0.0,0.0,0,1
2873647,83,0.0,1.0,0,1
2873647,1955,0.0,0.0,0,1
2873647,1954,0.0,0.0,0,1
2873647,1953,0.0,0.0,0,1
2873647,1597,0.0,0.0,0,1
2873647,1952,0.0,0.0,0,1
2873647,820,0.0,0.0,0,1
2873647,1951,0.0,0.0,0,1
2883799,1132,0.0,0.0,0,1
2883799,3243,0.0,0.0,0,1
2883799,2601,0.0,0.0,0,1
2883799,1724,0.0,0.0,0,1
2883799,487,0.0,0.0,0,1
2883799,1037,0.0,0.0,0,1
2883799,921,0.0,0.0,0,1
2883799,3469,0.0,0.0,0,1
2883799,2287,0.0,0.0,0,1
2883799,958,0.0,0.0,0,1
2912786,390,0.0,0.0,0,1
2912786,563,0.0,0.0,0,1
2912786,645,0.0,0.0,0,1
2912786,773,0.0,0.0,0,1
2912786,328,0.0,0.0,0,1
2912786,872,0.0,0.0,0,1
2912786,807,0.0,1.0,0,1
2912786,790,0.0,0.0,0,1
2912786,274,0.0,0.0,0,1
2912786,266,0.0,0.0,0,1
2912786,518,0.0,0.0,0,1
2912786,161,0.0,0.0,0,1
2912786,878,0.0,0.0,0,1
2912786,1645,0.0,0.0,0,1
2912786,26,0.0,0.0,0,1
2912786,1106,0.0,0.0,0,1
2912786,1043,0.0,0.0,0,1
2912786,255,0.0,0.0,0,1
2912786,262,0.0,0.0,0,1
2912786,877,0.0,0.0,0,1
2930834,1903,0.0,0.0,0,1
2930834,1313,0.0,0.0,0,1
2930834,1244,0.0,0.0,0,1
2930834,1094,0.0,0.0,0,1
2930834,731,0.0,0.0,0,1
2930834,722,0.0,0.0,0,1
2930834,441,0.0,0.0,0,1
2930834,96,0.0,0.0,0,1
2930834,1063,0.0,0.0,0,1
2930834,975,0.0,0.0,0,1
2930834,909,0.0,0.0,0,1
2930834,1408,0.0,0.0,0,1
2930834,25,0.0,0.0,0,1
2930834,3281,0.0,0.0,0,1
2930834,3106,0.0,0.0,0,1
2930834,2458,0.0,0.0,0,1
2930834,914,1.0,-1.0,0,0
2930834,10,0.0,0.0,0,1
2930834,1889,0.0,0.0,0,1
2930834,810,0.0,0.0,0,1
2936710,652,0.0,0.0,0,1
2936710,211,0.0,0.0,0,1
2936710,380,0.0,0.0,0,1
2936710,264,0.0,0.0,0,1
2936710,202,0.0,0.0,0,1
2936710,1427,0.0,0.0,0,1
2936710,129,0.0,0.0,0,1
2936710,11,0.0,0.0,0,1
2936710,10,0.0,0.0,0,1
2936710,131,0.0,0.0,0,1
2942923,428,0.0,0.0,0,1
2942923,273,0.0,1.0,0,1
2942923,1291,0.0,0.0,0,1
2942923,267,0.0,0.0,0,1
2942923,1,0.0,0.0,0,1
2942923,155,1.0,-1.0,0,0
2942923,157,0.0,0.0,0,1
2942923,216,0.0,0.0,0,1
2942923,540,0.0,0.0,0,1
2952690,937,0.0,2.0,0,1
2952690,1733,0.0,0.0,0,1
2952690,1207,0.0,0.0,0,1
2952690,656,0.0,0.0,0,1
2952690,281,0.0,0.0,0,1
2952690,1870,0.0,0.0,0,1
2952690,603,0.0,0.0,0,1
2952690,1744,0.0,0.0,0,1
2952690,2268,0.0,0.0,0,1
2991403,1049,0.0,0.0,0,1
2991403,135,0.0,0.0,0,1
2991403,971,0.0,0.0,0,1
2991403,1102,0.0,0.0,0,1
2991403,1760,0.0,0.0,0,1
2991403,1891,0.0,0.0,0,1
2991403,970,0.0,0.0,0,1
2991403,2447,1.0,-1.0,0,0
2991403,2586,0.0,0.0,0,1
2991403,2585,0.0,0.0,0,1
2991403,3282,0.0,0.0,0,1
2991403,933,0.0,0.0,0,1
2991403,3395,0.0,0.0,0,1
2991403,3396,0.0,0.0,0,1
2991403,3687,0.0,0.0,0,1
2991403,71,0.0,0.0,0,1
2991403,52,0.0,0.0,0,1
2991403,10,0.0,0.0,0,1
2991403,3215,0.0,0.0,0,1
2991403,909,0.0,0.0,0,1
3006949,3783,0.0,0.0,0,1
3006949,368,0.0,0.0,0,1
3006949,1630,0.0,0.0,0,1
3006949,985,0.0,0.0,0,1
3006949,698,0.0,0.0,0,1
3006949,490,0.0,0.0,0,1
3006949,403,0.0,0.0,0,1
3006949,2224,0.0,0.0,0,1
3006949,2792,0.0,0.0,0,1
3022621,2674,0.0,0.0,0,1
3022621,2531,0.0,0.0,0,1
3022621,3108,0.0,0.0,0,1
3022621,3471,0.0,0.0,0,1
3022621,647,0.0,0.0,0,1
3022621,2107,0.0,1.0,0,1
3022621,1517,0.0,0.0,0,1
3022621,2093,0.0,0.0,0,1
3022621,3058,0.0,0.0,0,1
3043866,2862,0.0,0.0,0,1
3043866,2576,0.0,0.0,0,1
3043866,2398,0.0,0.0,0,1
3043866,2215,0.0,0.0,0,1
3043866,1936,0.0,0.0,0,1
3043866,1762,0.0,0.0,0,1
3043866,1552,0.0,0.0,0,1
3043866,3259,0.0,0.0,0,1
3043866,983,0.0,0.0,0,1
3043866,982,0.0,0.0,0,1
3043866,901,0.0,0.0,0,1
3043866,569,0.0,0.0,0,1
3043866,128,0.0,0.0,0,1
3043866,116,0.0,0.0,0,1
3043866,3689,0.0,0.0,0,1
3043866,3323,0.0,0.0,0,1
3043866,69,0.0,0.0,0,1
3043866,1073,0.0,0.0,0,1
3043866,1159,0.0,0.0,0,1
3053593,344,0.0,0.0,0,1
3053593,652,0.0,0.0,0,1
3053593,883,0.0,0.0,0,1
3053593,291,0.0,0.0,0,1
3053593,1249,0.0,1.0,0,1
3053593,2035,0.0,0.0,0,1
3053593,2228,0.0,0.0,0,1
3053593,2486,0.0,0.0,0,1
3053593,2648,0.0,0.0,0,1
3053593,247,0.0,0.0,0,1
3082233,1399,0.0,3.0,0,1
3082233,2242,0.0,0.0,0,1
3082233,1213,0.0,1.0,0,1
3082233,2473,0.0,1.0,0,1
3082233,569,0.0,0.0,0,1
3082233,970,0.0,2.0,0,1
3082233,1224,0.0,2.0,0,1
3082233,1210,0.0,0.0,0,1
3082233,1740,0.0,1.0,0,1
3094437,36,0.0,0.0,0,1
3094437,374,0.0,0.0,0,1
3094437,64,0.0,0.0,0,1
3094437,65,0.0,0.0,0,1
3094437,73,0.0,0.0,0,1
3094437,112,0.0,0.0,0,1
3094437,303,0.0,0.0,0,1
3094437,357,0.0,0.0,0,1
3094437,7,0.0,0.0,0,1
3094437,396,0.0,0.0,0,1
3113708,148,0.0,0.0,0,1
3113708,2571,0.0,0.0,0,1
3113708,2453,0.0,2.0,0,1
3113708,2133,0.0,0.0,0,1
3113708,1931,0.0,0.0,0,1
3113708,549,0.0,0.0,0,1
3113708,1834,1.0,-1.0,0,0
3113708,1750,0.0,0.0,0,1
3113708,577,0.0,0.0,0,1
3127196,211,0.0,0.0,0,1
3127196,11,0.0,0.0,0,1
3127196,7,0.0,0.0,0,1
3127196,355,0.0,0.0,0,1
3127196,224,0.0,0.0,0,1
3127196,248,0.0,0.0,0,1
3127196,675,0.0,0.0,0,1
3127196,320,0.0,0.0,0,1
3127196,222,0.0,0.0,0,1
3127196,418,0.0,0.0,0,1
3132477,2236,0.0,0.0,0,1
3132477,2135,0.0,0.0,0,1
3132477,3376,1.0,-1.0,0,0
3132477,619,0.0,0.0,0,1
3132477,718,0.0,0.0,0,1
3132477,3320,1.0,-1.0,0,0
3132477,2772,0.0,0.0,0,1
3132477,2730,0.0,0.0,0,1
3132477,3378,0.0,0.0,0,1
3132477,3377,0.0,0.0,0,1
3136117,1151,0.0,0.0,0,1
3136117,1409,0.0,0.0,0,1
3136117,521,0.0,0.0,0,1
3136117,3110,0.0,0.0,0,1
3136117,3472,0.0,1.0,0,1
3136117,441,0.0,0.0,0,1
3136117,3392,0.0,0.0,0,1
3136117,2647,0.0,0.0,0,1
3136117,988,0.0,3.0,0,1
3136117,3112,0.0,0.0,0,1
3148037,2489,0.0,0.0,0,1
3148037,248,1.0,-3.0,0,0
3148037,458,0.0,0.0,0,1
3148037,544,0.0,0.0,0,1
3148037,651,0.0,0.0,0,1
3148037,3054,1.0,-2.0,0,0
3148037,659,0.0,0.0,0,1
3148037,906,0.0,0.0,0,1
3148037,908,0.0,0.0,0,1
3148037,933,0.0,0.0,0,1
3148037,1091,0.0,0.0,0,1
3148037,96,0.0,0.0,0,1
3148037,1292,0.0,0.0,0,1
3148037,1375,1.0,-2.0,0,0
3148037,1444,0.0,0.0,0,1
3148037,1705,0.0,0.0,0,1
3148037,1806,1.0,-1.0,0,0
3148037,2490,1.0,-2.0,0,0
3148037,1120,1.0,-1.0,0,0
3148037,38,0.0,0.0,0,1
3154173,2015,1.0,-1.0,0,0
3154173,2012,1.0,-1.0,0,0
3154173,2013,0.0,0.0,0,1
3154173,2232,0.0,0.0,0,1
3154173,2011,0.0,0.0,0,1
3154173,1672,0.0,0.0,0,1
3154173,1593,0.0,0.0,0,1
3154173,2014,0.0,0.0,0,1
3154173,678,1.0,-1.0,0,0
3154173,1100,0.0,0.0,0,1
3156619,740,0.0,0.0,0,1
3156619,152,0.0,0.0,0,1
3156619,143,0.0,0.0,0,1
3156619,81,1.0,-1.0,0,0
3156619,49,0.0,0.0,0,1
3156619,14,0.0,0.0,0,1
3156619,399,1.0,-3.0,0,0
3156619,200,0.0,0.0,0,1
3156619,1078,0.0,0.0,0,1
3156619,1048,0.0,0.0,0,1
3156619,787,0.0,0.0,0,1
3156619,757,0.0,0.0,0,1
3156619,633,0.0,0.0,0,1
3156619,13,0.0,0.0,0,1
3156619,10,0.0,0.0,0,1
3156619,9,1.0,-3.0,0,0
3156619,1123,0.0,0.0,0,1
3156619,380,0.0,0.0,0,1
3191134,478,0.0,0.0,0,1
3191134,226,0.0,0.0,0,1
3191134,1593,0.0,0.0,0,1
3191134,1276,0.0,0.0,0,1
3191134,1272,0.0,0.0,0,1
3191134,1137,0.0,0.0,0,1
3191134,1016,0.0,1.0,0,1
3191134,1863,0.0,0.0,0,1
3191134,155,0.0,0.0,0,1
3191134,2018,0.0,0.0,0,1
3191134,676,0.0,0.0,0,1
3191134,619,0.0,1.0,0,1
3191134,1668,0.0,0.0,0,1
3191134,328,0.0,0.0,0,1
3191134,303,0.0,0.0,0,1
3191134,231,0.0,0.0,0,1
3191134,2673,0.0,0.0,0,1
3191134,740,0.0,0.0,0,1
3202092,1026,0.0,0.0,0,1
3202092,356,0.0,0.0,0,1
3202092,244,0.0,0.0,0,1
3202092,21,0.0,0.0,0,1
3202092,332,0.0,0.0,0,1
3202092,281,0.0,0.0,0,1
3202092,383,0.0,0.0,0,1
3202092,329,0.0,0.0,0,1
3202092,1362,0.0,0.0,0,1
3202092,1261,0.0,3.0,0,1
3204013,770,0.0,2.0,0,1
3204013,564,0.0,0.0,0,1
3204013,505,0.0,0.0,0,1
3204013,401,0.0,0.0,0,1
3204013,303,0.0,1.0,0,1
3204013,1346,0.0,3.0,0,1
3204013,1230,0.0,1.0,0,1
3204013,1127,0.0,1.0,0,1
3204013,1,0.0,1.0,0,1
3204013,179,0.0,2.0,0,1
3204013,1351,0.0,3.0,0,1
3204013,1381,0.0,2.0,0,1
3204013,1355,0.0,1.0,0,1
3204013,1354,0.0,2.0,0,1
3204013,1353,0.0,3.0,0,1
3204013,1352,0.0,1.0,0,1
3204013,1350,0.0,2.0,0,1
3204013,1349,0.0,1.0,0,1
3204013,1348,0.0,2.0,0,1
3218970,541,0.0,1.0,0,1
3218970,513,0.0,0.0,0,1
3218970,2554,0.0,0.0,0,1
3218970,2855,0.0,0.0,0,1
3218970,1077,0.0,0.0,0,1
3218970,2858,0.0,0.0,0,1
3218970,2971,0.0,0.0,0,1
3218970,2970,0.0,0.0,0,1
3218970,2857,0.0,0.0,0,1
3218970,1771,0.0,0.0,0,1
3218970,1081,0.0,0.0,0,1
3218970,1613,0.0,0.0,0,1
3218970,3345,0.0,0.0,0,1
3218970,3103,0.0,1.0,0,1
3218970,1118,0.0,0.0,0,1
3218970,1601,0.0,1.0,0,1
3218970,1600,0.0,0.0,0,1
3218970,1150,0.0,0.0,0,1
3218970,1321,0.0,0.0,0,1
3224969,266,1.0,-1.0,0,0
3224969,1280,0.0,0.0,0,1
3224969,1454,0.0,0.0,0,1
3224969,2401,0.0,0.0,0,1
3224969,3013,0.0,0.0,0,1
3224969,1124,1.0,-2.0,0,0
3224969,1185,0.0,0.0,0,1
3224969,719,0.0,0.0,0,1
3269610,566,0.0,0.0,0,1
3269610,2437,0.0,1.0,0,1
3269610,1611,0.0,0.0,0,1
3269610,125,0.0,0.0,0,1
3269610,344,0.0,0.0,0,1
3269610,979,0.0,0.0,0,1
3269610,392,0.0,0.0,0,1
3269610,401,0.0,0.0,0,1
3269610,949,0.0,0.0,0,1
3269610,151,0.0,0.0,0,1
3275647,1750,0.0,1.0,0,1
3275647,1631,0.0,0.0,0,1
3275647,2918,0.0,1.0,0,1
3275647,2913,0.0,0.0,0,1
3275647,2306,0.0,0.0,0,1
3275647,2133,0.0,0.0,0,1
3275647,1924,0.0,1.0,0,1
3275647,72,0.0,0.0,0,1
3275647,185,0.0,0.0,0,1
3275647,1935,0.0,0.0,0,1
3275647,683,0.0,0.0,0,1
3275647,1113,0.0,0.0,0,1
3275647,362,0.0,0.0,0,1
3275647,1058,0.0,0.0,0,1
3275647,1036,0.0,0.0,0,1
3275647,1080,0.0,0.0,0,1
3275647,733,0.0,0.0,0,1
3275647,714,0.0,1.0,0,1
3275647,950,0.0,0.0,0,1
3316450,663,0.0,0.0,0,1
3316450,2068,0.0,0.0,0,1
3316450,2067,0.0,0.0,0,1
3316450,2069,0.0,1.0,0,1
3316450,2124,0.0,0.0,0,1
3316450,2218,0.0,0.0,0,1
3316450,3374,0.0,0.0,0,1
3316450,93,0.0,0.0,0,1
3316450,331,0.0,0.0,0,1
3316450,545,0.0,0.0,0,1
3316450,692,0.0,0.0,0,1
3316450,541,0.0,1.0,0,1
3316450,1756,0.0,0.0,0,1
3316450,1600,0.0,0.0,0,1
3316450,708,0.0,0.0,0,1
3316450,1247,0.0,0.0,0,1
3316450,1112,0.0,0.0,0,1
3316450,1081,0.0,0.0,0,1
3316450,3728,0.0,0.0,0,1
3336752,1313,0.0,0.0,0,1
3336752,3105,1.0,-1.0,0,0
3336752,1889,0.0,0.0,0,1
3336752,1502,0.0,0.0,0,1
3336752,3107,0.0,1.0,0,1
3336752,3148,0.0,0.0,0,1
3336752,722,0.0,0.0,0,1
3336752,810,0.0,0.0,0,1
3336752,731,0.0,0.0,0,1
3336752,1360,0.0,0.0,0,1
3336806,467,0.0,0.0,0,1
3336806,380,0.0,0.0,0,1
3336806,2717,0.0,0.0,0,1
3336806,2598,0.0,0.0,0,1
3336806,2316,0.0,0.0,0,1
3336806,61,0.0,0.0,0,1
3336806,2118,1.0,-1.0,0,0
3336806,2018,0.0,0.0,0,1
3336806,1123,0.0,1.0,0,1
3336806,1046,1.0,-1.0,0,0
3336806,1044,0.0,0.0,0,1
3336806,890,0.0,0.0,0,1
3336806,713,0.0,0.0,0,1
3336806,25,0.0,0.0,0,1
3336806,365,0.0,0.0,0,1
3336806,255,0.0,0.0,0,1
3336806,132,0.0,0.0,0,1
3336806,1348,0.0,0.0,0,1
3336806,47,0.0,0.0,0,1
3336806,1616,0.0,0.0,0,1
3338384,212,0.0,0.0,0,1
3338384,1936,0.0,0.0,0,1
3338384,1455,0.0,0.0,0,1
3338384,1631,0.0,0.0,0,1
3338384,115,0.0,0.0,0,1
3338384,2133,0.0,1.0,0,1
3338384,2295,0.0,0.0,0,1
3338384,1258,0.0,0.0,0,1
3338384,1219,0.0,0.0,0,1
3338384,1036,0.0,0.0,0,1
3338384,1033,0.0,0.0,0,1
3338384,2753,0.0,0.0,0,1
3338384,2914,0.0,0.0,0,1
3338384,922,0.0,1.0,0,1
3338384,682,0.0,0.0,0,1
3338384,633,0.0,2.0,0,1
3338384,451,0.0,1.0,0,1
3338384,1332,0.0,0.0,0,1
3338384,1280,0.0,1.0,0,1
3346958,1946,0.0,0.0,0,1
3346958,61,0.0,0.0,0,1
3346958,612,0.0,0.0,0,1
3346958,632,0.0,0.0,0,1
3346958,996,0.0,0.0,0,1
3346958,1685,0.0,0.0,0,1
3346958,1686,0.0,0.0,0,1
3346958,1704,0.0,0.0,0,1
3346958,44,0.0,0.0,0,1
3346958,2308,0.0,0.0,0,1
3348723,2896,0.0,0.0,0,1
3348723,1614,0.0,0.0,0,1
3348723,1790,0.0,0.0,0,1
3348723,2806,0.0,0.0,0,1
3348723,2851,0.0,0.0,0,1
3348723,3127,0.0,0.0,0,1
3348723,2967,0.0,0.0,0,1
3348723,2996,0.0,1.0,0,1
3348723,1515,0.0,0.0,0,1
3360621,194,0.0,0.0,0,1
3360621,1292,0.0,0.0,0,1
3360621,451,0.0,0.0,0,1
3360621,140,0.0,0.0,0,1
3360621,614,1.0,-1.0,0,0
3360621,784,0.0,0.0,0,1
3360621,936,0.0,0.0,0,1
3360621,1002,0.0,0.0,0,1
3360621,230,1.0,-1.0,0,0
3360621,1667,0.0,0.0,0,1
3367698,429,0.0,0.0,0,1
3367698,408,0.0,0.0,0,1
3367698,160,0.0,0.0,0,1
3367698,495,0.0,0.0,0,1
3367698,1999,0.0,0.0,0,1
3367698,2448,0.0,0.0,0,1
3367698,2451,0.0,0.0,0,1
3367698,1565,0.0,0.0,0,1
3367698,944,0.0,0.0,0,1
3367698,480,0.0,0.0,0,1
3368922,1,0.0,0.0,0,1
3368922,1606,0.0,0.0,0,1
3368922,570,0.0,0.0,0,1
3368922,301,0.0,0.0,0,1
3368922,2,0.0,0.0,0,1
3368922,101,0.0,0.0,0,1
3368922,277,0.0,0.0,0,1
3368922,288,0.0,0.0,0,1
3368922,323,0.0,0.0,0,1
3368922,1607,0.0,0.0,0,1
3370685,111,0.0,0.0,0,1
3370685,575,0.0,2.0,0,1
3370685,673,0.0,1.0,0,1
3370685,1321,0.0,2.0,0,1
3370685,2531,0.0,3.0,0,1
3370685,2682,0.0,3.0,0,1
3370685,166,0.0,1.0,0,1
3370685,466,0.0,3.0,0,1
3370685,2841,0.0,3.0,0,1
3391540,772,0.0,0.0,0,1
3391540,2787,0.0,0.0,0,1
3391540,3213,0.0,0.0,0,1
3391540,3374,0.0,0.0,0,1
3391540,1554,0.0,0.0,0,1
3391540,2069,1.0,-1.0,0,0
3391540,708,0.0,0.0,0,1
3391540,1670,0.0,0.0,0,1
3391540,545,0.0,0.0,0,1
3391540,692,0.0,0.0,0,1
3418180,560,0.0,0.0,0,1
3418180,907,0.0,0.0,0,1
3418180,214,0.0,0.0,0,1
3418180,324,0.0,0.0,0,1
3418180,958,0.0,0.0,0,1
3418180,1129,0.0,0.0,0,1
3418180,1578,0.0,0.0,0,1
3418180,1868,0.0,0.0,0,1
3418180,1739,0.0,0.0,0,1
3418180,3090,0.0,1.0,0,1
3423447,1867,0.0,0.0,0,1
3423447,155,0.0,0.0,0,1
3423447,2682,0.0,0.0,0,1
3423447,231,0.0,0.0,0,1
3423447,328,0.0,0.0,0,1
3423447,512,0.0,0.0,0,1
3423447,619,0.0,0.0,0,1
3423447,1863,0.0,0.0,0,1
3423447,2219,0.0,0.0,0,1
3423447,1920,0.0,1.0,0,1
3449295,2717,0.0,0.0,0,1
3449295,384,0.0,0.0,0,1
3449295,2118,0.0,0.0,0,1
3449295,1012,0.0,0.0,0,1
3449295,2647,0.0,0.0,0,1
3449295,1417,0.0,0.0,0,1
3449295,1096,0.0,0.0,0,1
3449295,328,0.0,0.0,0,1
3449295,2956,0.0,0.0,0,1
3449295,2379,0.0,0.0,0,1
3476363,327,0.0,0.0,0,1
3476363,1814,0.0,0.0,0,1
3476363,2488,0.0,0.0,0,1
3476363,256,0.0,0.0,0,1
3476363,1515,0.0,1.0,0,1
3476363,618,0.0,0.0,0,1
3476363,515,0.0,0.0,0,1
3476363,488,0.0,0.0,0,1
3476363,405,0.0,3.0,0,1
3476363,2682,0.0,1.0,0,1
3476411,1439,0.0,0.0,0,1
3476411,487,0.0,0.0,0,1
3476411,1879,0.0,1.0,0,1
3476411,1916,0.0,0.0,0,1
3476411,1160,0.0,0.0,0,1
3476411,3469,0.0,0.0,0,1
3476411,2760,0.0,0.0,0,1
3476411,2601,0.0,0.0,0,1
3476411,2419,0.0,0.0,0,1
3476411,2287,0.0,0.0,0,1
3483810,1048,0.0,0.0,0,1
3483810,362,0.0,0.0,0,1
3483810,2326,0.0,0.0,0,1
3483810,383,0.0,0.0,0,1
3483810,1677,0.0,0.0,0,1
3483810,3237,0.0,1.0,0,1
3483810,3238,0.0,0.0,0,1
3483810,10,0.0,0.0,0,1
3483810,609,0.0,0.0,0,1
3483810,1885,0.0,0.0,0,1
3483810,668,0.0,0.0,0,1
3483810,977,0.0,0.0,0,1
3483810,1019,0.0,0.0,0,1
3483810,72,0.0,0.0,0,1
3483810,910,0.0,0.0,0,1
3483810,96,0.0,0.0,0,1
3483810,2123,0.0,0.0,0,1
3483810,2183,0.0,0.0,0,1
3483810,268,0.0,0.0,0,1
3492883,609,0.0,0.0,0,1
3492883,1444,0.0,0.0,0,1
3492883,1600,0.0,0.0,0,1
3492883,821,0.0,0.0,0,1
3492883,3053,0.0,0.0,0,1
3492883,820,0.0,0.0,0,1
3492883,1080,0.0,0.0,0,1
3492883,865,0.0,0.0,0,1
3492883,116,0.0,0.0,0,1
3492883,321,0.0,0.0,0,1
3494080,2259,0.0,0.0,0,1
3494080,2228,0.0,0.0,0,1
3494080,1675,0.0,0.0,0,1
3494080,2966,0.0,0.0,0,1
3494080,2955,0.0,0.0,0,1
3494080,1069,0.0,0.0,0,1
3494080,579,0.0,0.0,0,1
3494080,389,0.0,0.0,0,1
3494080,2891,1.0,-1.0,0,0
3525676,783,1.0,-1.0,0,0
3525676,1119,0.0,0.0,0,1
3525676,2997,0.0,0.0,0,1
3525676,2963,1.0,-1.0,0,0
3525676,2533,0.0,0.0,0,1
3525676,1625,0.0,0.0,0,1
3525676,775,0.0,0.0,0,1
3525676,2891,1.0,-1.0,0,0
3534983,2973,0.0,0.0,0,1
3534983,2972,0.0,0.0,0,1
3534983,1825,0.0,0.0,0,1
3534983,1800,0.0,0.0,0,1
3534983,1536,0.0,0.0,0,1
3534983,1215,0.0,0.0,0,1
3534983,2336,0.0,0.0,0,1
3534983,163,0.0,0.0,0,1
3537816,1234,0.0,1.0,0,1
3537816,579,0.0,0.0,0,1
3537816,507,0.0,0.0,0,1
3537816,424,0.0,0.0,0,1
3537816,270,0.0,0.0,0,1
3537816,217,0.0,0.0,0,1
3537816,110,0.0,1.0,0,1
3537816,58,0.0,1.0,0,1
3537816,56,0.0,0.0,0,1
3568531,127,0.0,0.0,0,1
3568531,2627,0.0,0.0,0,1
3568531,2219,0.0,0.0,0,1
3568531,2571,0.0,0.0,0,1
3568531,1493,0.0,0.0,0,1
3568531,130,0.0,0.0,0,1
3568531,134,0.0,0.0,0,1
3568531,136,1.0,-1.0,0,0
3568531,1766,0.0,0.0,0,1
3568531,478,0.0,0.0,0,1
3568531,399,0.0,0.0,0,1
3568531,1048,0.0,0.0,0,1
3568531,126,0.0,0.0,0,1
3568531,51,0.0,0.0,0,1
3568531,1059,0.0,0.0,0,1
3568531,539,0.0,0.0,0,1
3578859,341,1.0,-1.0,0,0
3578859,3768,0.0,3.0,0,1
3578859,3396,0.0,1.0,0,1
3578859,339,0.0,0.0,0,1
3578859,613,0.0,0.0,0,1
3578859,1479,0.0,1.0,0,1
3578859,2708,0.0,3.0,0,1
3578859,1318,0.0,0.0,0,1
3578859,3283,0.0,0.0,0,1
3578859,3214,0.0,0.0,0,1
3591206,641,0.0,0.0,0,1
3591206,1129,0.0,0.0,0,1
3591206,497,0.0,0.0,0,1
3591206,300,0.0,0.0,0,1
3591206,1730,0.0,0.0,0,1
3591206,822,0.0,0.0,0,1
3591206,787,0.0,0.0,0,1
3591206,2680,0.0,0.0,0,1
3592470,709,0.0,0.0,0,1
3592470,2175,0.0,0.0,0,1
3592470,705,0.0,0.0,0,1
3592470,428,0.0,0.0,0,1
3592470,737,1.0,-3.0,0,0
3592470,190,0.0,0.0,0,1
3592470,854,0.0,0.0,0,1
3592470,921,0.0,0.0,0,1
3592470,1126,0.0,0.0,0,1
3592470,1536,0.0,0.0,0,1
3592470,1647,0.0,0.0,0,1
3592470,1901,0.0,0.0,0,1
3592470,2027,0.0,0.0,0,1
3592470,745,0.0,0.0,0,1
3592470,180,0.0,0.0,0,1
3592470,87,0.0,0.0,0,1
3592470,2275,0.0,0.0,0,1
3592470,2266,0.0,0.0,0,1
3604206,2603,0.0,0.0,0,1
3604206,1270,0.0,0.0,0,1
3604206,497,0.0,0.0,0,1
3604206,555,0.0,1.0,0,1
3604206,1833,0.0,0.0,0,1
3604206,640,0.0,0.0,0,1
3604206,908,0.0,2.0,0,1
3604206,2409,0.0,0.0,0,1
3604206,1838,0.0,2.0,0,1
3604206,571,0.0,0.0,0,1
3604478,259,0.0,0.0,0,1
3604478,422,0.0,0.0,0,1
3604478,772,0.0,0.0,0,1
3604478,2076,0.0,0.0,0,1
3604478,2159,0.0,0.0,0,1
3604478,2565,0.0,1.0,0,1
3604478,2823,0.0,0.0,0,1
3604478,3728,0.0,0.0,0,1
3604478,704,0.0,0.0,0,1
3604478,666,0.0,0.0,0,1
3607710,909,0.0,0.0,0,1
3607710,1173,0.0,0.0,0,1
3607710,970,0.0,0.0,0,1
3607710,367,0.0,0.0,0,1
3607710,671,0.0,2.0,0,1
3607710,634,0.0,0.0,0,1
3607710,1922,0.0,0.0,0,1
3607710,1932,0.0,0.0,0,1
3607710,1928,1.0,-1.0,0,0
3637110,2513,0.0,0.0,0,1
3637110,2502,0.0,0.0,0,1
3637110,921,0.0,1.0,0,1
3637110,470,0.0,0.0,0,1
3637110,869,0.0,1.0,0,1
3637110,488,0.0,0.0,0,1
3637110,325,0.0,2.0,0,1
3637110,3449,1.0,-1.0,0,0
3637110,3474,0.0,0.0,0,1
3637110,2982,0.0,0.0,0,1
3658913,2219,0.0,0.0,0,1
3658913,278,0.0,0.0,0,1
3658913,990,0.0,0.0,0,1
3658913,2446,0.0,0.0,0,1
3658913,127,0.0,0.0,0,1
3658913,1029,0.0,0.0,0,1
3658913,1072,0.0,3.0,0,1
3658913,1097,0.0,0.0,0,1
3658913,853,0.0,0.0,0,1
3658913,231,0.0,0.0,0,1
3658913,303,0.0,0.0,0,1
3658913,399,0.0,0.0,0,1
3658913,1643,0.0,0.0,0,1
3658913,472,0.0,1.0,0,1
3658913,2295,0.0,0.0,0,1
3658913,923,0.0,0.0,0,1
3658913,610,0.0,0.0,0,1
3658913,144,0.0,0.0,0,1
3658913,1785,0.0,0.0,0,1
3659754,2441,0.0,0.0,0,1
3659754,2190,0.0,0.0,0,1
3659754,1682,0.0,0.0,0,1
3659754,1262,0.0,0.0,0,1
3659754,1946,0.0,0.0,0,1
3659754,953,0.0,0.0,0,1
3659754,428,0.0,0.0,0,1
3659754,14,0.0,0.0,0,1
3659754,951,0.0,0.0,0,1
3661333,2050,0.0,1.0,0,1
3661333,854,0.0,0.0,0,1
3661333,1075,0.0,0.0,0,1
3661333,3127,0.0,0.0,0,1
3661333,3119,1.0,-1.0,0,0
3661333,78,0.0,0.0,0,1
3661333,800,0.0,0.0,0,1
3661333,3595,0.0,0.0,0,1
3661333,1430,0.0,0.0,0,1
3686608,3097,1.0,-1.0,0,0
3686608,1783,0.0,0.0,0,1
3686608,2086,0.0,0.0,0,1
3686608,545,0.0,0.0,0,1
3686608,1159,0.0,0.0,0,1
3686608,653,0.0,2.0,0,1
3686608,2742,0.0,0.0,0,1
3686608,2822,0.0,0.0,0,1
3686608,2821,0.0,0.0,0,1
3687369,2400,0.0,1.0,0,1
3687369,1859,0.0,1.0,0,1
3687369,1831,0.0,0.0,0,1
3687369,242,0.0,0.0,0,1
3687369,323,0.0,0.0,0,1
3687369,1828,0.0,0.0,0,1
3687369,1827,0.0,0.0,0,1
3687369,2744,0.0,0.0,0,1
3687369,1671,0.0,0.0,0,1
3720681,18,0.0,0.0,0,1
3720681,3687,0.0,0.0,0,1
3720681,1891,0.0,0.0,0,1
3720681,1760,0.0,0.0,0,1
3720681,1042,0.0,0.0,0,1
3720681,872,0.0,0.0,0,1
3720681,441,0.0,0.0,0,1
3720681,404,0.0,0.0,0,1
3720681,11,0.0,0.0,0,1
3720681,50,0.0,0.0,0,1
3720681,1060,0.0,0.0,0,1
3720681,134,0.0,0.0,0,1
3720681,2447,1.0,-1.0,0,0
3720681,3395,1.0,-1.0,0,0
3720681,3396,0.0,0.0,0,1
3720681,3686,0.0,0.0,0,1
3720681,2585,0.0,0.0,0,1
3720681,270,0.0,0.0,0,1
3720681,2588,1.0,-1.0,0,0
3720681,295,1.0,-1.0,0,0
3721507,481,0.0,0.0,0,1
3721507,57,0.0,0.0,0,1
3721507,126,0.0,0.0,0,1
3721507,131,0.0,0.0,0,1
3721507,2923,0.0,3.0,0,1
3721507,1960,0.0,3.0,0,1
3721507,1801,0.0,0.0,0,1
3721507,1111,0.0,0.0,0,1
3721507,997,0.0,1.0,0,1
3721507,67,0.0,0.0,0,1
3721507,743,0.0,0.0,0,1
3721507,707,0.0,0.0,0,1
3721507,134,0.0,0.0,0,1
3721507,348,0.0,0.0,0,1
3721507,362,0.0,0.0,0,1
3721507,454,0.0,1.0,0,1
3721507,1043,0.0,0.0,0,1
3721507,890,0.0,0.0,0,1
3729208,2451,0.0,0.0,0,1
3729208,1309,0.0,0.0,0,1
3729208,2440,0.0,0.0,0,1
3729208,2000,0.0,0.0,0,1
3729208,191,0.0,0.0,0,1
3729208,208,0.0,0.0,0,1
3729208,1997,0.0,0.0,0,1
3729208,736,0.0,0.0,0,1
3729208,1477,0.0,0.0,0,1
3729208,618,0.0,0.0,0,1
3734468,80,0.0,2.0,0,1
3734468,1533,1.0,-1.0,0,0
3734468,1647,1.0,-1.0,0,0
3734468,771,0.0,0.0,0,1
3734468,2686,0.0,0.0,0,1
3734468,1165,0.0,0.0,0,1
3734468,1699,0.0,0.0,0,1
3734468,867,0.0,0.0,0,1
3734468,745,0.0,0.0,0,1
3734468,1021,0.0,0.0,0,1
3734468,1811,0.0,0.0,0,1
3734468,1681,0.0,0.0,0,1
3734468,1414,0.0,1.0,0,1
3734468,323,0.0,0.0,0,1
3734468,611,0.0,0.0,0,1
3734468,1646,1.0,-1.0,0,0
3734468,463,0.0,0.0,0,1
3734468,361,0.0,0.0,0,1
3734468,1789,0.0,0.0,0,1
3768454,3341,1.0,-1.0,0,0
3768454,3376,0.0,0.0,0,1
3768454,3340,0.0,0.0,0,1
3768454,2101,0.0,0.0,0,1
3768454,673,0.0,0.0,0,1
3768454,4000,0.0,2.0,0,1
3768454,3307,0.0,0.0,0,1
3768454,3262,0.0,0.0,0,1
3768454,3338,0.0,0.0,0,1
3793165,477,1.0,-1.0,0,0
3793165,512,0.0,0.0,0,1
3793165,2033,0.0,0.0,0,1
3793165,758,0.0,0.0,0,1
3793165,244,0.0,0.0,0,1
3793165,3451,0.0,0.0,0,1
3793165,857,0.0,0.0,0,1
3793165,1940,0.0,0.0,0,1
3793165,1942,0.0,0.0,0,1
3793165,3096,0.0,0.0,0,1
3798128,2404,0.0,2.0,0,1
3798128,445,0.0,0.0,0,1
3798128,167,0.0,0.0,0,1
3798128,161,0.0,0.0,0,1
3798128,704,0.0,0.0,0,1
3798128,1004,0.0,0.0,0,1
3798128,115,0.0,0.0,0,1
3798128,140,0.0,0.0,0,1
3798128,370,1.0,-1.0,0,0
3805086,388,0.0,1.0,0,1
3805086,14,0.0,0.0,0,1
3805086,272,0.0,0.0,0,1
3805086,1703,0.0,1.0,0,1
3805086,850,0.0,0.0,0,1
3805086,968,0.0,0.0,0,1
3805086,1147,0.0,0.0,0,1
3805086,1682,0.0,0.0,0,1
3805086,1700,0.0,0.0,0,1
3805086,90,0.0,0.0,0,1
3805237,2512,1.0,-2.0,0,0
3805237,931,0.0,0.0,0,1
3805237,2309,0.0,0.0,0,1
3805237,879,0.0,0.0,0,1
3805237,1852,0.0,0.0,0,1
3805237,820,0.0,0.0,0,1
3805237,735,0.0,1.0,0,1
3805237,1657,0.0,0.0,0,1
3805237,1437,0.0,0.0,0,1
3805237,950,0.0,0.0,0,1
3805237,982,0.0,0.0,0,1
3805237,1019,0.0,0.0,0,1
3805237,113,0.0,0.0,0,1
3805237,734,0.0,0.0,0,1
3805237,248,0.0,0.0,0,1
3805237,1226,0.0,0.0,0,1
3805237,121,0.0,0.0,0,1
3805237,1171,0.0,0.0,0,1
3805237,15,0.0,0.0,0,1
3805237,94,0.0,0.0,0,1
3807888,62,0.0,0.0,0,1
3807888,2066,0.0,0.0,0,1
3807888,16,0.0,0.0,0,1
3807888,96,0.0,0.0,0,1
3807888,2068,0.0,0.0,0,1
3807888,691,0.0,0.0,0,1
3807888,524,0.0,0.0,0,1
3807888,3709,0.0,0.0,0,1
3807888,3728,0.0,0.0,0,1
3807888,3381,0.0,0.0,0,1
3807888,2077,0.0,0.0,0,1
3807888,398,0.0,0.0,0,1
3807888,362,0.0,0.0,0,1
3807888,692,0.0,0.0,0,1
3807888,750,0.0,0.0,0,1
3807888,930,0.0,0.0,0,1
3807888,920,0.0,0.0,0,1
3807888,708,0.0,0.0,0,1
3807888,1113,0.0,0.0,0,1
3819624,412,0.0,0.0,0,1
3819624,1125,0.0,1.0,0,1
3819624,1568,0.0,0.0,0,1
3819624,2039,0.0,0.0,0,1
3819624,2095,0.0,0.0,0,1
3819624,2293,0.0,0.0,0,1
3819624,2729,0.0,0.0,0,1
3819624,3454,0.0,1.0,0,1
3819624,3518,0.0,0.0,0,1
3819624,3687,0.0,0.0,0,1
3824980,3517,1.0,-1.0,0,0
3824980,3194,1.0,-1.0,0,0
3824980,1418,0.0,0.0,0,1
3824980,1129,0.0,0.0,0,1
3824980,659,0.0,0.0,0,1
3824980,907,0.0,2.0,0,1
3824980,291,1.0,-1.0,0,0
3824980,112,0.0,0.0,0,1
3824980,81,0.0,0.0,0,1
3824980,964,0.0,0.0,0,1
3881562,3786,0.0,0.0,0,1
3881562,3452,0.0,0.0,0,1
3881562,2482,0.0,0.0,0,1
3881562,969,0.0,0.0,0,1
3881562,719,0.0,0.0,0,1
3881562,266,0.0,0.0,0,1
3881562,668,0.0,0.0,0,1
3881562,1072,0.0,0.0,0,1
3897107,3376,1.0,-3.0,0,0
3897107,1965,1.0,-1.0,0,0
3897107,1266,1.0,-1.0,0,0
3897107,1247,0.0,0.0,0,1
3897107,1123,1.0,-2.0,0,0
3897107,1097,0.0,0.0,0,1
3897107,1048,1.0,-2.0,0,0
3897107,938,0.0,0.0,0,1
3897107,880,0.0,0.0,0,1
3897107,419,0.0,0.0,0,1
3897107,353,0.0,0.0,0,1
3897107,234,0.0,0.0,0,1
3897107,104,1.0,-3.0,0,0
3897107,2105,1.0,-1.0,0,0
3897107,3473,0.0,0.0,0,1
3897107,2962,0.0,0.0,0,1
3897107,33,0.0,0.0,0,1
3897107,2965,1.0,-1.0,0,0
3912081,1297,0.0,0.0,0,1
3912081,501,0.0,0.0,0,1
3912081,270,0.0,0.0,0,1
3912081,246,0.0,0.0,0,1
3912081,378,0.0,0.0,0,1
3912081,309,0.0,0.0,0,1
3912081,279,0.0,0.0,0,1
3912081,113,0.0,1.0,0,1
3912081,81,0.0,0.0,0,1
3912879,390,0.0,0.0,0,1
3912879,1108,0.0,0.0,0,1
3912879,453,0.0,0.0,0,1
3912879,398,0.0,0.0,0,1
3912879,756,1.0,-1.0,0,0
3912879,908,0.0,1.0,0,1
3912879,971,0.0,0.0,0,1
3912879,555,0.0,0.0,0,1
3912879,1076,0.0,0.0,0,1
3912879,1079,0.0,0.0,0,1
3912879,1086,0.0,0.0,0,1
3912879,982,0.0,0.0,0,1
3912879,1117,0.0,0.0,0,1
3912879,1216,0.0,3.0,0,1
3912879,1385,0.0,0.0,0,1
3912879,1638,0.0,2.0,0,1
3912879,1855,0.0,0.0,0,1
3912879,2119,0.0,1.0,0,1
3912879,2680,0.0,0.0,0,1
3912879,2126,0.0,0.0,0,1
3913164,2823,0.0,0.0,0,1
3913164,3079,0.0,0.0,0,1
3913164,3835,0.0,0.0,0,1
3913164,3366,0.0,0.0,0,1
3913164,220,0.0,2.0,0,1
3913164,3836,0.0,2.0,0,1
3913164,3938,0.0,1.0,0,1
3913164,3259,0.0,0.0,0,1
3913164,2770,0.0,0.0,0,1
3913164,242,0.0,0.0,0,1
3913164,697,0.0,0.0,0,1
3913164,1554,0.0,0.0,0,1
3913164,1526,0.0,2.0,0,1
3913164,1233,0.0,3.0,0,1
3913164,762,0.0,0.0,0,1
3913164,711,0.0,0.0,0,1
3913164,723,0.0,0.0,0,1
3913164,696,0.0,0.0,0,1
3913164,2411,0.0,0.0,0,1
3925539,1013,0.0,1.0,0,1
3925539,976,0.0,0.0,0,1
3925539,128,0.0,0.0,0,1
3925539,1734,0.0,0.0,0,1
3925539,2627,0.0,3.0,0,1
3925539,2758,0.0,1.0,0,1
3925539,879,1.0,-1.0,0,0
3925539,45,1.0,-1.0,0,0
3925539,127,0.0,0.0,0,1
3925539,851,0.0,0.0,0,1
3925539,1822,0.0,0.0,0,1
3925539,789,0.0,0.0,0,1
3925539,130,0.0,0.0,0,1
3925539,183,0.0,0.0,0,1
3925539,738,0.0,0.0,0,1
3925539,400,1.0,-1.0,0,0
3925539,383,0.0,0.0,0,1
3925539,353,0.0,0.0,0,1
3925539,291,1.0,-1.0,0,0
3925539,270,0.0,0.0,0,1
3925986,587,0.0,0.0,0,1
3925986,206,0.0,0.0,0,1
3925986,316,0.0,0.0,0,1
3925986,472,0.0,0.0,0,1
3925986,480,0.0,0.0,0,1
3925986,48,0.0,0.0,0,1
3925986,1006,0.0,0.0,0,1
3925986,1313,0.0,0.0,0,1
3925986,1437,0.0,0.0,0,1
3938728,177,0.0,0.0,0,1
3938728,9,0.0,0.0,0,1
3938728,4,0.0,0.0,0,1
3938728,44,0.0,0.0,0,1
3938728,125,0.0,0.0,0,1
3938728,168,0.0,0.0,0,1
3938728,263,0.0,0.0,0,1
3938728,286,0.0,0.0,0,1
3938728,315,0.0,1.0,0,1
3938728,29,0.0,0.0,0,1
3938728,37,0.0,0.0,0,1
3938728,344,0.0,0.0,0,1
3938728,357,0.0,0.0,0,1
3938728,541,0.0,1.0,0,1
3938728,784,0.0,0.0,0,1
3938728,879,0.0,0.0,0,1
3938728,938,0.0,0.0,0,1
3938728,1614,0.0,0.0,0,1
3947215,1124,0.0,0.0,0,1
3947215,1198,0.0,0.0,0,1
3947215,1160,0.0,0.0,0,1
3947215,1137,0.0,0.0,0,1
3947215,1033,0.0,0.0,0,1
3947215,927,0.0,0.0,0,1
3947215,105,0.0,1.0,0,1
3947215,921,0.0,0.0,0,1
3947215,66,0.0,0.0,0,1
3947215,3469,0.0,0.0,0,1
3947215,2080,0.0,0.0,0,1
3947215,108,0.0,0.0,0,1
3947215,1656,0.0,0.0,0,1
3947215,3394,0.0,0.0,0,1
3947215,214,0.0,0.0,0,1
3947215,850,0.0,0.0,0,1
3947215,854,0.0,0.0,0,1
3947215,884,0.0,0.0,0,1
3947215,1220,0.0,0.0,0,1
3990121,129,0.0,0.0,0,1
3990121,324,0.0,0.0,0,1
3990121,211,0.0,0.0,0,1
3990121,10,0.0,0.0,0,1
3990121,258,0.0,0.0,0,1
3990121,259,0.0,1.0,0,1
3990121,1740,0.0,0.0,0,1
3990121,1003,0.0,0.0,0,1
3990121,467,0.0,0.0,0,1
3990121,380,0.0,0.0,0,1
3990296,2502,0.0,0.0,0,1
3990296,2810,0.0,0.0,0,1
3990296,895,1.0,-1.0,0,0
3990296,825,0.0,1.0,0,1
3990296,563,0.0,0.0,0,1
3990296,57,0.0,0.0,0,1
3990296,34,0.0,0.0,0,1
3990296,2847,0.0,0.0,0,1
3990296,1869,0.0,0.0,0,1
4037240,2545,0.0,0.0,0,1
4037240,2770,0.0,0.0,0,1
4037240,3370,0.0,0.0,0,1
4037240,777,0.0,0.0,0,1
4037240,1506,0.0,0.0,0,1
4037240,1508,0.0,0.0,0,1
4037240,1510,0.0,0.0,0,1
4037240,705,0.0,0.0,0,1
4037240,697,0.0,0.0,0,1
4037240,1526,0.0,0.0,0,1
4037240,1552,0.0,0.0,0,1
4037240,1503,0.0,0.0,0,1
4037240,1898,0.0,0.0,0,1
4037240,412,0.0,0.0,0,1
4037240,922,0.0,0.0,0,1
4037240,2184,0.0,0.0,0,1
4037240,2183,0.0,0.0,0,1
4037240,2179,0.0,0.0,0,1
4037240,1990,0.0,0.0,0,1
4046281,1400,0.0,0.0,0,1
4046281,1322,0.0,0.0,0,1
4046281,1270,0.0,0.0,0,1
4046281,175,0.0,0.0,0,1
4046281,1849,0.0,0.0,0,1
4046281,1853,0.0,0.0,0,1
4046281,2852,0.0,0.0,0,1
4046281,840,0.0,0.0,0,1
4046281,822,0.0,0.0,0,1
4046281,964,0.0,0.0,0,1
4047256,1309,0.0,0.0,0,1
4047256,960,0.0,0.0,0,1
4047256,452,0.0,0.0,0,1
4047256,315,0.0,1.0,0,1
4047256,48,0.0,0.0,0,1
4047256,314,0.0,0.0,0,1
4047256,313,0.0,0.0,0,1
4047256,310,0.0,1.0,0,1
4047256,56,0.0,0.0,0,1
4047256,292,0.0,0.0,0,1
4048597,1644,0.0,0.0,0,1
4048597,1373,0.0,0.0,0,1
4048597,2159,0.0,0.0,0,1
4048597,2453,0.0,0.0,0,1
4048597,1647,0.0,0.0,0,1
4048597,1492,0.0,1.0,0,1
4048597,195,0.0,0.0,0,1
4048597,1646,0.0,0.0,0,1
4048597,1423,0.0,0.0,0,1
4048597,1648,0.0,1.0,0,1
4048597,1057,0.0,0.0,0,1
4048597,282,0.0,0.0,0,1
4048597,745,0.0,0.0,0,1
4048597,443,0.0,0.0,0,1
4048597,616,0.0,0.0,0,1
4048597,1021,0.0,0.0,0,1
4048597,850,0.0,0.0,0,1
4048597,619,0.0,0.0,0,1
4054247,1260,0.0,2.0,0,1
4054247,93,0.0,0.0,0,1
4054247,96,0.0,0.0,0,1
4054247,659,0.0,0.0,0,1
4054247,874,0.0,0.0,0,1
4054247,954,0.0,0.0,0,1
4054247,975,0.0,0.0,0,1
4054247,1001,0.0,0.0,0,1
4054247,1037,0.0,0.0,0,1
4054247,1064,0.0,0.0,0,1
4054247,1071,0.0,0.0,0,1
4054247,1094,0.0,0.0,0,1
4054247,1102,0.0,0.0,0,1
4054247,1239,0.0,0.0,0,1
4054247,70,0.0,0.0,0,1
4054247,1683,0.0,0.0,0,1
4054247,92,0.0,0.0,0,1
4054247,1703,0.0,0.0,0,1
4054247,2087,1.0,-1.0,0,0
4079607,1821,0.0,0.0,0,1
4079607,2296,0.0,0.0,0,1
4079607,1613,0.0,0.0,0,1
4079607,1571,0.0,0.0,0,1
4079607,1175,0.0,0.0,0,1
4079607,2945,0.0,0.0,0,1
4079607,1072,0.0,0.0,0,1
4079607,1071,0.0,0.0,0,1
4079607,1028,0.0,0.0,0,1
4079607,991,0.0,0.0,0,1
4079607,989,0.0,0.0,0,1
4079607,2538,0.0,0.0,0,1
4079607,391,0.0,0.0,0,1
4079607,398,0.0,0.0,0,1
4079607,428,0.0,0.0,0,1
4079607,1832,0.0,0.0,0,1
4079607,1980,0.0,0.0,0,1
4079607,1824,0.0,0.0,0,1
4079607,602,0.0,0.0,0,1
4079607,483,0.0,0.0,0,1
4094616,745,0.0,0.0,0,1
4094616,557,0.0,0.0,0,1
4094616,850,0.0,0.0,0,1
4094616,1025,0.0,0.0,0,1
4094616,1028,0.0,0.0,0,1
4094616,1465,0.0,0.0,0,1
4094616,1643,0.0,0.0,0,1
4094616,148,0.0,0.0,0,1
4094616,1648,0.0,0.0,0,1
4094616,2011,0.0,0.0,0,1
4094616,2115,0.0,0.0,0,1
4094616,2133,0.0,0.0,0,1
